Treatments,species,true,pred,stdv
BT-BV-MS008-BU-CS-CA-DP_0,CA,0.019695779,0.007790965493768454,0.045754533261060715
BT-BV-MS008-BU-CS-CA-DP_0,BT,0.620965878,0.7326558828353882,0.1973496824502945
BT-BV-MS008-BU-CS-CA-DP_0,BU,0.317193346,0.17025071382522583,0.1642610728740692
BT-BV-MS008-BU-CS-CA-DP_0,BV,0.051688696,0.12067416310310364,0.1211317852139473
BT-BV-MS008-BU-CS-CA-DP_0,CS,0.064475921,0.03957292437553406,0.11384174972772598
BT-BV-MS008-BU-CS-CA-DP_0,CD,0.716357402,0.6226690411567688,0.13016478717327118
BT-BV-MS008-BU-CS-CA-DP_0,DP,0.020789637,0.010409357026219368,0.12990650534629822
BT-BV-MS008-BU-CS-CA-DP_0,CA,0.111149266,0.011395597830414772,0.0461416058242321
BT-BV-MS008-BU-CS-CA-DP_0,BT,0.533461481,0.791746199131012,0.19742628931999207
BT-BV-MS008-BU-CS-CA-DP_0,BU,0.191836029,0.18020270764827728,0.1685543805360794
BT-BV-MS008-BU-CS-CA-DP_0,BV,0.083184839,0.0026882728561758995,0.11839012056589127
BT-BV-MS008-BU-CS-CA-DP_0,CS,0.097406524,0.01769428513944149,0.1140381395816803
BT-BV-MS008-BU-CS-CA-DP_0,CD,0.806973356,0.6179066896438599,0.12763133645057678
BT-BV-MS008-BU-CS-CA-DP_0,DP,0.023821858,0.00403127446770668,0.12994496524333954
BU-CA-MS008-CS-DP,CA,0.003534315,0.003983940463513136,0.04573892429471016
BU-CA-MS008-CS-DP,BU,0.349910878,0.4711897671222687,0.16679783165454865
BU-CA-MS008-CS-DP,CS,0.013291224,0.10742286592721939,0.11520508676767349
BU-CA-MS008-CS-DP,CD,0.412464898,0.5484036803245544,0.13044805824756622
BU-CA-MS008-CS-DP,DP,0.056298723,0.05509411543607712,0.1306091547012329
BU-CA-MS008-CS-DP,CA,0.025348805,0.0007114722393453121,0.04572935029864311
BU-CA-MS008-CS-DP,BU,0.332863203,0.4471863806247711,0.1670086532831192
BU-CA-MS008-CS-DP,CS,0.115801213,0.0814543291926384,0.11771615594625473
BU-CA-MS008-CS-DP,CD,0.707781034,0.5735368728637695,0.12976905703544617
BU-CA-MS008-CS-DP,DP,0.259539089,0.1642298400402069,0.14436815679073334
BV-CA-CS-DP,CA,0.005655896,0.04883445054292679,0.047270335257053375
BV-CA-CS-DP,BV,1.124030962,1.0629369020462036,0.12247934192419052
BV-CA-CS-DP,CS,0.236289962,0.18684935569763184,0.11706165969371796
BV-CA-CS-DP,DP,0.068356505,0.031294580549001694,0.1302131563425064
BV-CA-CS-DP,CA,0.261264344,0.17007257044315338,0.0646427720785141
BV-CA-CS-DP,BV,0.498980025,1.0270800590515137,0.13178186118602753
BV-CA-CS-DP,CS,0.675408325,0.2976352572441101,0.13646380603313446
BV-CA-CS-DP,DP,0.121347288,0.06182768568396568,0.14033789932727814
CA-CS-DP,CA,0.000846487,0.005014600232243538,0.045767128467559814
CA-CS-DP,CS,0.124805113,0.3319639265537262,0.11821785569190979
CA-CS-DP,DP,0.100015061,0.11045964062213898,0.13178186118602753
CA-CS-DP,CA,0.000597377,3.544380160747096e-05,0.04572266712784767
CA-CS-DP,CS,0.206912091,0.34604936838150024,0.12565703690052032
CA-CS-DP,DP,0.236823862,0.3482804298400879,0.14099185168743134
CS-BT_0,BT,1.974250319,1.3720548152923584,0.1926242709159851
CS-BT_0,CS,0.320583,0.19257405400276184,0.11735651642084122
CS-BT_0,BT,1.692240411,1.3797720670700073,0.19605109095573425
CS-BT_0,CS,0.377759618,0.26418358087539673,0.1248333752155304
DP-BV_0,BV,1.413939791,1.0838773250579834,0.12325192242860794
DP-BV_0,DP,0.20789352,0.04390249401330948,0.1307554692029953
DP-BV_0,BV,1.188235427,1.0724276304244995,0.13008372485637665
DP-BV_0,DP,0.326731266,0.0660858154296875,0.13923469185829163
BV-CA-CH-CS,CA,0.00618934,0.07852780073881149,0.04243406280875206
BV-CA-CH-CS,BV,0.705599567,0.5986952185630798,0.13577397167682648
BV-CA-CH-CS,CS,0.067331493,0.17758359014987946,0.10965675860643387
BV-CA-CH-CS,CH,0.097379636,0.21103981137275696,0.0998557060956955
BV-CA-CH-CS,CA,0.099487508,0.4308156669139862,0.07250948250293732
BV-CA-CH-CS,BV,0.670641938,0.15841355919837952,0.15507489442825317
BV-CA-CH-CS,CS,0.261246094,0.8705352544784546,0.19062331318855286
BV-CA-CH-CS,CH,0.271291075,0.2487640529870987,0.11539661139249802
CH-BT_0,BT,1.848360128,1.4610230922698975,0.20223432779312134
CH-BT_0,CH,0.114973217,0.17288655042648315,0.10013595223426819
CH-BT_0,BT,1.238869079,1.4877394437789917,0.20228087902069092
CH-BT_0,CH,0.036630937,0.17260120809078217,0.10072045028209686
CH-DP_0,DP,0.277416585,0.1833871603012085,0.14054374396800995
CH-DP_0,CH,0.057250103,0.2295583337545395,0.0997825488448143
CH-DP_0,DP,0.291398143,0.38795006275177,0.1425546407699585
CH-DP_0,CH,0.046018517,0.22500811517238617,0.10069553554058075
CS-BU_0,BU,0.882400116,0.4647708833217621,0.1600523591041565
CS-BU_0,CS,0.742933219,0.34727680683135986,0.11151734739542007
CS-BU_0,BU,0.688211432,0.1642182469367981,0.16988402605056763
CS-BU_0,CS,0.677121873,0.5826184749603271,0.11338676512241364
MS008-BV_0,BV,0.332224589,0.4276990592479706,0.15230563282966614
MS008-BV_0,CD,1.009108757,0.5165553092956543,0.12473170459270477
MS008-BV_0,BV,0.184998902,0.35178142786026,0.16284236311912537
MS008-BV_0,CD,0.863334401,0.5265877842903137,0.12257415056228638
MS008-DP_0,CD,0.511584334,0.5052056908607483,0.12044303119182587
MS008-DP_0,DP,0.061248992,0.06053519621491432,0.1371096670627594
MS008-DP_0,CD,0.422830942,0.5110820531845093,0.12078285217285156
MS008-DP_0,DP,0.123169043,0.10976453870534897,0.14433470368385315
BU-BV-CA-MS008-CS,CA,0.005444428,0.005031076725572348,0.04760807380080223
BU-BV-CA-MS008-CS,BU,0.53973646,0.3125852942466736,0.15979576110839844
BU-BV-CA-MS008-CS,BV,0.305210218,0.2672427296638489,0.15214259922504425
BU-BV-CA-MS008-CS,CS,0.042188757,0.06431536376476288,0.12033955752849579
BU-BV-CA-MS008-CS,CD,0.325920126,0.7644058465957642,0.11176963895559311
BU-BV-CA-MS008-CS,CA,0.027024444,0.0002748632978182286,0.04754666984081268
BU-BV-CA-MS008-CS,BU,0.318406234,0.4402972459793091,0.16500917077064514
BU-BV-CA-MS008-CS,BV,0.033404276,0.11478074640035629,0.15408478677272797
BU-BV-CA-MS008-CS,CS,0.063691093,0.08456005901098251,0.12565287947654724
BU-BV-CA-MS008-CS,CD,0.89097395,0.6910114884376526,0.10990466177463531
BU-BV-MS008-CH-CS-DP,BU,0.66871774,0.555736780166626,0.15766553580760956
BU-BV-MS008-CH-CS-DP,BV,0.129666516,0.19769924879074097,0.14589141309261322
BU-BV-MS008-CH-CS-DP,CS,0.020658474,0.06439089775085449,0.11987656354904175
BU-BV-MS008-CH-CS-DP,CD,0.371862842,0.4626838266849518,0.10882285237312317
BU-BV-MS008-CH-CS-DP,DP,0.066204528,0.0677151158452034,0.1272200495004654
BU-BV-MS008-CH-CS-DP,CH,0.051223227,0.12552833557128906,0.10751654207706451
BU-BV-MS008-CH-CS-DP,BU,0.60933359,0.518933117389679,0.15838870406150818
BU-BV-MS008-CH-CS-DP,BV,0.013039491,0.035767339169979095,0.14471159875392914
BU-BV-MS008-CH-CS-DP,CS,0.136339627,0.05000898987054825,0.12122710794210434
BU-BV-MS008-CH-CS-DP,CD,0.43505936,0.5110487937927246,0.10852569341659546
BU-BV-MS008-CH-CS-DP,DP,0.084486356,0.2602359652519226,0.13393744826316833
BU-BV-MS008-CH-CS-DP,CH,0.071074903,0.06999017298221588,0.10811780393123627
BU-CA-CS,CA,0.006058609,0.001352366409264505,0.047559138387441635
BU-CA-CS,BU,0.435314629,0.5835824608802795,0.16012541949748993
BU-CA-CS,CS,0.428626737,0.3008292317390442,0.1243320032954216
BU-CA-CS,CA,0.051634747,7.425087096635252e-05,0.04754377529025078
BU-CA-CS,BU,0.547458838,0.3801614046096802,0.1716938614845276
BU-CA-CS,CS,0.960406365,0.5136511325836182,0.12469348311424255
BU-CA-CS-DP,CA,0.00466118,0.0009213509038090706,0.04755043238401413
BU-CA-CS-DP,BU,0.331473233,0.5763751268386841,0.15967224538326263
BU-CA-CS-DP,CS,0.268899945,0.23001939058303833,0.12340360879898071
BU-CA-CS-DP,DP,0.162965654,0.12338493764400482,0.12879732251167297
BU-CA-CS-DP,CA,0.00358901,1.0096406413140357e-06,0.04754342511296272
BU-CA-CS-DP,BU,0.347596795,0.4087877571582794,0.17083261907100677
BU-CA-CS-DP,CS,0.16857426,0.2787841856479645,0.13579539954662323
BU-CA-CS-DP,DP,0.746406602,0.3706997334957123,0.13302597403526306
CA-MS008-CH-CS,CA,0.004737656,0.015691274777054787,0.04767501726746559
CA-MS008-CH-CS,CS,0.033227255,0.16098396480083466,0.12157765030860901
CA-MS008-CH-CS,CD,0.233387408,0.25095054507255554,0.11080843955278397
CA-MS008-CH-CS,CH,0.01481435,0.1420750766992569,0.10777078568935394
CA-MS008-CH-CS,CA,0.021173751,0.05950875207781792,0.05134735628962517
CA-MS008-CH-CS,CS,0.044954216,0.29268619418144226,0.12709490954875946
CA-MS008-CH-CS,CD,0.396481809,0.4048362672328949,0.12446138262748718
CA-MS008-CH-CS,CH,0.012723532,0.11383427679538727,0.10920117050409317
MS008-BU_0,BU,0.512974141,0.5979481339454651,0.15916770696640015
MS008-BU_0,CD,0.770692505,0.5905370712280273,0.1101435050368309
MS008-BU_0,BU,0.334730204,0.6026829481124878,0.16093339025974274
MS008-BU_0,CD,0.713769844,0.61508709192276,0.11011333018541336
BT-BU-CA-CH,BT,1.139664297,1.056505799293518,0.21363605558872223
BT-BU-CA-CH,BU,0.358277937,0.5135239958763123,0.16573473811149597
BT-BU-CA-CH,CH,0.036391094,0.16517245769500732,0.09743032604455948
BT-BU-CA-CH,BT,1.012235522,1.0909167528152466,0.2305637151002884
BT-BU-CA-CH,BU,0.224113412,0.5352228879928589,0.17458544671535492
BT-BU-CA-CH,CH,0.049817724,0.18538978695869446,0.09796632081270218
BU-CA-CH-CS,CA,0.002409447,6.201913947734283e-06,0.03910697251558304
BU-CA-CH-CS,BU,0.723322159,0.8260445594787598,0.16489024460315704
BU-CA-CH-CS,CS,0.103264786,0.24204863607883453,0.12133302539587021
BU-CA-CH-CS,CH,0.05567025,0.23946057260036469,0.09831240773200989
BU-CA-CH-CS,CA,0.009955042,8.335266342158337e-14,0.03910696879029274
BU-CA-CH-CS,BU,0.530220954,0.7760988473892212,0.1726149320602417
BU-CA-CH-CS,CS,0.440239499,0.4270361661911011,0.12758199870586395
BU-CA-CH-CS,CH,0.113584497,0.3051394820213318,0.09991946816444397
BU-CA-CH-DP,CA,0.004527958,5.41290773981018e-07,0.03910696879029274
BU-CA-CH-DP,BU,0.712456931,0.8902531862258911,0.16480864584445953
BU-CA-CH-DP,DP,0.122212659,0.17610782384872437,0.13589279353618622
BU-CA-CH-DP,CH,0.046802474,0.20504315197467804,0.09815458208322525
BU-CA-CH-DP,CA,0.003691967,-8.978619185721062e-23,0.03910696879029274
BU-CA-CH-DP,BU,0.539385805,0.7977010011672974,0.17449919879436493
BU-CA-CH-DP,DP,0.822359182,0.46053069829940796,0.1391998529434204
BU-CA-CH-DP,CH,0.027729727,0.21967148780822754,0.1000724583864212
BU-CA-MS008-CS,CA,0.007779763,0.00014715039287693799,0.0391073040664196
BU-CA-MS008-CS,BU,0.560364744,0.4712585210800171,0.16291937232017517
BU-CA-MS008-CS,CS,0.055863503,0.11682558804750443,0.11848881840705872
BU-CA-MS008-CS,CD,0.4694087,0.6249459981918335,0.13283970952033997
BU-CA-MS008-CS,CA,0.014591936,1.0989154475282703e-07,0.03910696879029274
BU-CA-MS008-CS,BU,0.401832289,0.44019776582717896,0.16570308804512024
BU-CA-MS008-CS,CS,0.069066085,0.12163164466619492,0.12346870452165604
BU-CA-MS008-CS,CD,0.762009697,0.6706748008728027,0.13216693699359894
BV-CA-CH-CS-DP,CA,0.013298362,0.005638596136122942,0.03920167312026024
BV-CA-CH-CS-DP,BV,0.223978198,0.6490669846534729,0.13364769518375397
BV-CA-CH-CS-DP,CS,0.052859305,0.12607990205287933,0.11797868460416794
BV-CA-CH-CS-DP,DP,0.278030354,0.04980190843343735,0.1304270476102829
BV-CA-CH-CS-DP,CH,0.105333782,0.19671660661697388,0.09779198467731476
BV-CA-CH-CS-DP,CA,0.03667622,0.0001618692622287199,0.03911031037569046
BV-CA-CH-CS-DP,BV,0.368751716,0.41968706250190735,0.13955450057983398
BV-CA-CH-CS-DP,CS,0.204280997,0.197721928358078,0.12459380179643631
BV-CA-CH-CS-DP,DP,0.495385623,0.17326988279819489,0.1379210501909256
BV-CA-CH-CS-DP,CH,0.139738715,0.24417003989219666,0.09814724326133728
BV-CA_0,CA,0.278398007,0.5931265950202942,0.4217993915081024
BV-CA_0,BV,1.215768651,1.0953269004821777,0.14494067430496216
BV-CA_0,CA,0.285361094,0.0,0.03910696879029274
BV-CA_0,BV,1.108138883,0.0,0.12799014151096344
BT-CA-CH-CS-DP,CA,0.000971012,0.010430840775370598,0.04744483530521393
BT-CA-CH-CS-DP,BT,1.521009985,1.378936767578125,0.20799633860588074
BT-CA-CH-CS-DP,CS,0.010003916,0.06876112520694733,0.11530019342899323
BT-CA-CH-CS-DP,DP,0.068586736,0.032972302287817,0.12994444370269775
BT-CA-CH-CS-DP,CH,0.0317617,0.16028380393981934,0.10559402406215668
BT-CA-CH-CS-DP,CA,0.000770243,0.017767857760190964,0.04856310784816742
BT-CA-CH-CS-DP,BT,1.583818709,1.4395877122879028,0.20721720159053802
BT-CA-CH-CS-DP,CS,0.025954254,0.11729896813631058,0.12110550701618195
BT-CA-CH-CS-DP,DP,0.109065238,0.041167642921209335,0.13394469022750854
BT-CA-CH-CS-DP,CH,0.090724888,0.16319626569747925,0.10592710971832275
BU-BV-CA-CH,CA,0.004616788,0.028147300705313683,0.047749947756528854
BU-BV-CA-CH,BU,1.017512405,0.7384622693061829,0.16732384264469147
BU-BV-CA-CH,BV,0.418207935,0.34812548756599426,0.14622806012630463
BU-BV-CA-CH,CH,0.060829494,0.1766253560781479,0.10573405027389526
BU-BV-CA-CH,CA,0.029296744,0.09650997072458267,0.0538928285241127
BU-BV-CA-CH,BU,1.073693261,0.7731931209564209,0.176818385720253
BU-BV-CA-CH,BV,0.056462061,0.2929459810256958,0.16263334453105927
BU-BV-CA-CH,CH,0.355881239,0.17277494072914124,0.10597556084394455
BU-MS008-CH-CS-DP,BU,0.513038105,0.6539860367774963,0.16380350291728973
BU-MS008-CH-CS-DP,CS,0.016580739,0.07923240214586258,0.11515495926141739
BU-MS008-CH-CS-DP,CD,0.316898661,0.3650655746459961,0.12552614510059357
BU-MS008-CH-CS-DP,DP,0.16466858,0.09920252114534378,0.1310981661081314
BU-MS008-CH-CS-DP,CH,0.019313899,0.11820430308580399,0.10495632886886597
BU-MS008-CH-CS-DP,BU,0.441198401,0.553238034248352,0.16572819650173187
BU-MS008-CH-CS-DP,CS,0.056790689,0.04303035885095596,0.11630047112703323
BU-MS008-CH-CS-DP,CD,0.491737761,0.4781653881072998,0.12993501126766205
BU-MS008-CH-CS-DP,DP,0.459352316,0.24913720786571503,0.1374989002943039
BU-MS008-CH-CS-DP,CH,0.058920828,0.07676474004983902,0.10586618632078171
BV-CA-MS008-CH-CS-DP,CA,0.004187797,0.019149933010339737,0.047530725598335266
BV-CA-MS008-CH-CS-DP,BV,0.251171509,0.3456655740737915,0.14310988783836365
BV-CA-MS008-CH-CS-DP,CS,0.022941998,0.05955500528216362,0.11499097943305969
BV-CA-MS008-CH-CS-DP,CD,0.217562012,0.42049703001976013,0.1285572201013565
BV-CA-MS008-CH-CS-DP,DP,0.060772233,0.0328502282500267,0.1298307180404663
BV-CA-MS008-CH-CS-DP,CH,0.099531123,0.13832828402519226,0.10540500283241272
BV-CA-MS008-CH-CS-DP,CA,0.057813094,0.07602280378341675,0.05095662549138069
BV-CA-MS008-CH-CS-DP,BV,0.076455689,0.24552245438098907,0.1459835022687912
BV-CA-MS008-CH-CS-DP,CS,0.333459785,0.06630216538906097,0.11741136759519577
BV-CA-MS008-CH-CS-DP,CD,0.544550926,0.5100548267364502,0.12749475240707397
BV-CA-MS008-CH-CS-DP,DP,0.217089274,0.043106816709041595,0.1325344294309616
BV-CA-MS008-CH-CS-DP,CH,0.090631225,0.10387460887432098,0.10635607689619064
CS-BV_0,BV,1.001307491,1.045448899269104,0.14643867313861847
CS-BV_0,CS,0.358525845,0.38254857063293457,0.12705855071544647
CS-BV_0,BV,1.018079541,0.951732337474823,0.1571395844221115
CS-BV_0,CS,0.145087177,0.5920295119285583,0.12974493205547333
MS008-CA_0,CA,0.014131727,0.030323399230837822,0.04770740121603012
MS008-CA_0,CD,0.474701592,0.5172779560089111,0.12440834194421768
MS008-CA_0,CA,0.009029464,0.06896381080150604,0.05021381005644798
MS008-CA_0,CD,0.427470531,0.5271801948547363,0.12549547851085663
BU-BV-CA-MS008-CH-DP,CA,0.002578102,0.012525546364486217,0.036257561296224594
BU-BV-CA-MS008-CH-DP,BU,0.644231544,0.598052978515625,0.16434378921985626
BU-BV-CA-MS008-CH-DP,BV,0.258417489,0.19331638514995575,0.14068372547626495
BU-BV-CA-MS008-CH-DP,CD,0.261645351,0.46320295333862305,0.12560757994651794
BU-BV-CA-MS008-CH-DP,DP,0.034682331,0.06161979213356972,0.13373970985412598
BU-BV-CA-MS008-CH-DP,CH,0.023111818,0.10533854365348816,0.09786633402109146
BU-BV-CA-MS008-CH-DP,CA,0.008474374,0.007820263504981995,0.036598797887563705
BU-BV-CA-MS008-CH-DP,BU,0.767182729,0.5547548532485962,0.16683845221996307
BU-BV-CA-MS008-CH-DP,BV,0.044004203,0.013858480378985405,0.13850994408130646
BU-BV-CA-MS008-CH-DP,CD,0.507918174,0.5177838206291199,0.1278003603219986
BU-BV-CA-MS008-CH-DP,DP,0.120114351,0.25461116433143616,0.14367982745170593
BU-BV-CA-MS008-CH-DP,CH,0.083806142,0.07181015610694885,0.09881338477134705
BU-CA-MS008-CH-CS-DP,CA,0.003268924,0.004036657512187958,0.03620641678571701
BU-CA-MS008-CH-CS-DP,BU,0.389497257,0.6540189385414124,0.1628456562757492
BU-CA-MS008-CH-CS-DP,CS,0.014183074,0.09944096952676773,0.12736007571220398
BU-CA-MS008-CH-CS-DP,CD,0.347125561,0.3448674976825714,0.12369046360254288
BU-CA-MS008-CH-CS-DP,DP,0.097566994,0.09666813164949417,0.13446883857250214
BU-CA-MS008-CH-CS-DP,CH,0.023024861,0.11700723320245743,0.0979691818356514
BU-CA-MS008-CH-CS-DP,CA,0.007675444,0.0008081203559413552,0.03620391711592674
BU-CA-MS008-CH-CS-DP,BU,0.42576751,0.5163305997848511,0.16547511518001556
BU-CA-MS008-CH-CS-DP,CS,0.07111172,0.04545089602470398,0.12833358347415924
BU-CA-MS008-CH-CS-DP,CD,0.474352406,0.49958252906799316,0.12771913409233093
BU-CA-MS008-CH-CS-DP,DP,0.437596055,0.2808193266391754,0.14084820449352264
BU-CA-MS008-CH-CS-DP,CH,0.045830167,0.07701138406991959,0.09866262972354889
BV-BT_0,BT,1.759245252,1.3607187271118164,0.20359818637371063
BV-BT_0,BV,0.229921442,0.28908559679985046,0.15070240199565887
BV-BT_0,BT,1.38862985,1.4531960487365723,0.20056331157684326
BV-BT_0,BV,0.378203472,0.09754949808120728,0.15499979257583618
CH-BV_0,BV,0.851890082,0.5646924376487732,0.1440199911594391
CH-BV_0,CH,0.491776636,0.20698873698711395,0.09916086494922638
CH-BV_0,BV,0.904308544,0.5014836192131042,0.15001748502254486
CH-BV_0,CH,0.357191483,0.21626773476600647,0.09913791716098785
CS-CA_0,CA,0.007776807,0.007923317141830921,0.03628617152571678
CS-CA_0,CS,0.39072319,0.4311532974243164,0.13090477883815765
CS-CA_0,CA,0.271721073,0.0009994672145694494,0.036212410777807236
CS-CA_0,CS,0.796445552,0.5984139442443848,0.1325516551733017
MS008-CS_0,CS,0.060791836,0.2107897847890854,0.13028785586357117
MS008-CS_0,CD,0.594708165,0.5524558424949646,0.12780776619911194
MS008-CS_0,CS,0.050693956,0.2308928668498993,0.1361110359430313
MS008-CS_0,CD,0.388639395,0.6138903498649597,0.12736719846725464
BT-BU-CA-CH-CS,CA,0.001343611,0.00011490812175907195,0.037988848984241486
BT-BU-CA-CH-CS,BT,1.270747779,1.103056788444519,0.20919564366340637
BT-BU-CA-CH-CS,BU,0.461787571,0.39072057604789734,0.17236995697021484
BT-BU-CA-CH-CS,CS,0.047855163,0.12454219162464142,0.11875263601541519
BT-BU-CA-CH-CS,CH,0.087265923,0.13786694407463074,0.10005956888198853
BT-BU-CA-CH-CS,CA,0.001950231,1.466349033307779e-07,0.03798867389559746
BT-BU-CA-CH-CS,BT,0.977195438,1.2899583578109741,0.2170969396829605
BT-BU-CA-CH-CS,BU,0.185898014,0.24988067150115967,0.17979727685451508
BT-BU-CA-CH-CS,CS,0.048784681,0.22856436669826508,0.12554877996444702
BT-BU-CA-CH-CS,CH,0.089504928,0.1649417132139206,0.10072740912437439
BU-BV-CA-CH-CS-DP,CA,0.010248196,0.00019556637562345713,0.03798919543623924
BU-BV-CA-CH-CS-DP,BU,0.742505622,0.6151818037033081,0.17304983735084534
BU-BV-CA-CH-CS-DP,BV,0.281541356,0.4003063440322876,0.1504226177930832
BU-BV-CA-CH-CS-DP,CS,0.077847677,0.11439626663923264,0.11835696548223495
BU-BV-CA-CH-CS-DP,DP,0.212716854,0.09573797881603241,0.13116835057735443
BU-BV-CA-CH-CS-DP,CH,0.060806924,0.17838414013385773,0.10036933422088623
BU-BV-CA-CH-CS-DP,CA,0.010397655,2.1463676322386327e-11,0.03798867389559746
BU-BV-CA-CH-CS-DP,BU,0.778515616,0.6244704723358154,0.1810825616121292
BU-BV-CA-CH-CS-DP,BV,0.043221798,0.07293599843978882,0.1508936583995819
BU-BV-CA-CH-CS-DP,CS,0.122401217,0.09117922186851501,0.12556861340999603
BU-BV-CA-CH-CS-DP,DP,0.221207138,0.5415438413619995,0.13866737484931946
BU-BV-CA-CH-CS-DP,CH,0.277756569,0.1615808606147766,0.10294186323881149
BV-CA-CH,CA,0.019150565,0.02436579391360283,0.038698963820934296
BV-CA-CH,BV,0.864128514,0.6539234519004822,0.15046565234661102
BV-CA-CH,CH,0.288554248,0.2268311083316803,0.10151977092027664
BV-CA-CH,CA,0.340032779,0.06646905094385147,0.048343759030103683
BV-CA-CH,BV,0.489037923,0.5561617016792297,0.15655742585659027
BV-CA-CH,CH,0.334929283,0.24289393424987793,0.10194438695907593
BV-MS008-CH-BU-CS-CA-DP_0,CA,0.015368293,0.0003392677172087133,0.03798980638384819
BV-MS008-CH-BU-CS-CA-DP_0,BU,0.594705949,0.5036945343017578,0.17155231535434723
BV-MS008-CH-BU-CS-CA-DP_0,BV,0.075292864,0.250815212726593,0.14766238629817963
BV-MS008-CH-BU-CS-CA-DP_0,CS,0.035311059,0.06231384351849556,0.11755490303039551
BV-MS008-CH-BU-CS-CA-DP_0,CD,0.572201297,0.4328944683074951,0.12613877654075623
BV-MS008-CH-BU-CS-CA-DP_0,DP,0.046051305,0.05092915520071983,0.13003304600715637
BV-MS008-CH-BU-CS-CA-DP_0,CH,0.064235891,0.09837742894887924,0.09951222687959671
BV-MS008-CH-BU-CS-CA-DP_0,CA,0.060020781,2.5436925454869197e-08,0.03798867389559746
BV-MS008-CH-BU-CS-CA-DP_0,BU,0.50158355,0.5006800293922424,0.17251363396644592
BV-MS008-CH-BU-CS-CA-DP_0,BV,0.024274506,0.03139537200331688,0.1456526666879654
BV-MS008-CH-BU-CS-CA-DP_0,CS,0.24961974,0.037788841873407364,0.11852675676345825
BV-MS008-CH-BU-CS-CA-DP_0,CD,0.606693168,0.503350555896759,0.12670671939849854
BV-MS008-CH-BU-CS-CA-DP_0,DP,0.049181308,0.265766978263855,0.13922227919101715
BV-MS008-CH-BU-CS-CA-DP_0,CH,0.096626964,0.05577903240919113,0.1001165360212326
CH-CA_0,CA,0.082304089,0.004831884056329727,0.038062650710344315
CH-CA_0,CH,0.218695908,0.20901255309581757,0.1006067618727684
CH-CA_0,CA,0.151354881,0.0010305159958079457,0.038012195378541946
CH-CA_0,CH,0.148478455,0.22698010504245758,0.10114075243473053
MS008-CH_0,CD,0.376451249,0.2767033874988556,0.1326962262392044
MS008-CH_0,CH,0.069382113,0.14123086631298065,0.10032851994037628
MS008-CH_0,CD,0.296034513,0.32667842507362366,0.15306705236434937
MS008-CH_0,CH,0.053965483,0.13482411205768585,0.10376942902803421
BT-BU-BV-CA-CS-DP,CA,0.002909606,0.0032308921217918396,0.046227261424064636
BT-BU-BV-CA-CS-DP,BT,1.116771316,1.1679390668869019,0.21361441910266876
BT-BU-BV-CA-CS-DP,BU,0.114888978,0.1884092539548874,0.16088935732841492
BT-BU-BV-CA-CS-DP,BV,0.190537847,0.33643093705177307,0.14498484134674072
BT-BU-BV-CA-CS-DP,CS,0.127688512,0.12241774052381516,0.12569570541381836
BT-BU-BV-CA-CS-DP,DP,0.021037117,0.03273031860589981,0.13536258041858673
BT-BU-BV-CA-CS-DP,CA,0.077204592,0.002021310618147254,0.04626493528485298
BT-BU-BV-CA-CS-DP,BT,1.193564205,1.4227125644683838,0.21240243315696716
BT-BU-BV-CA-CS-DP,BU,0.097576323,0.053051091730594635,0.16033826768398285
BT-BU-BV-CA-CS-DP,BV,0.044795902,0.12019569426774979,0.1475256085395813
BT-BU-BV-CA-CS-DP,CS,0.2977281,0.244217187166214,0.13286276161670685
BT-BU-BV-CA-CS-DP,DP,0.031380878,0.06467779725790024,0.13997335731983185
BT-BV-CH-BU-CS-CA-DP_0,CA,0.018853547,0.0010004020296037197,0.0462057963013649
BT-BV-CH-BU-CS-CA-DP_0,BT,1.104770133,1.0889036655426025,0.21250537037849426
BT-BV-CH-BU-CS-CA-DP_0,BU,0.401490514,0.34719541668891907,0.16336804628372192
BT-BV-CH-BU-CS-CA-DP_0,BV,0.179777551,0.12836794555187225,0.13947035372257233
BT-BV-CH-BU-CS-CA-DP_0,CS,0.021472142,0.07250794023275375,0.12471245974302292
BT-BV-CH-BU-CS-CA-DP_0,DP,0.046787036,0.045181743800640106,0.13553336262702942
BT-BV-CH-BU-CS-CA-DP_0,CH,0.212015752,0.15774813294410706,0.1071479469537735
BT-BV-CH-BU-CS-CA-DP_0,CA,0.028245874,4.720970082416898e-06,0.04620115086436272
BT-BV-CH-BU-CS-CA-DP_0,BT,1.04351902,1.3094273805618286,0.21760272979736328
BT-BV-CH-BU-CS-CA-DP_0,BU,0.303696177,0.23284415900707245,0.16706009209156036
BT-BV-CH-BU-CS-CA-DP_0,BV,0.026561931,0.006324696354568005,0.1368696242570877
BT-BV-CH-BU-CS-CA-DP_0,CS,0.039351074,0.10992919653654099,0.1296495497226715
BT-BV-CH-BU-CS-CA-DP_0,DP,0.059284295,0.17122070491313934,0.1463884860277176
BT-BV-CH-BU-CS-CA-DP_0,CH,0.191174923,0.13909339904785156,0.10787470638751984
BT-MS008-CH-BU-CS-CA-DP_0,CA,0.012259416,0.0005611046217381954,0.04620286449790001
BT-MS008-CH-BU-CS-CA-DP_0,BT,0.798590459,0.8460630774497986,0.20903491973876953
BT-MS008-CH-BU-CS-CA-DP_0,BU,0.525544991,0.33623018860816956,0.16188643872737885
BT-MS008-CH-BU-CS-CA-DP_0,CS,0.020326089,0.05225806310772896,0.12439479678869247
BT-MS008-CH-BU-CS-CA-DP_0,CD,0.479032874,0.4064973294734955,0.13014458119869232
BT-MS008-CH-BU-CS-CA-DP_0,DP,0.044930765,0.03508126735687256,0.13536757230758667
BT-MS008-CH-BU-CS-CA-DP_0,CH,0.114648746,0.09318025410175323,0.10688566416501999
BT-MS008-CH-BU-CS-CA-DP_0,CA,0.027148206,6.5849335442180745e-06,0.04620115086436272
BT-MS008-CH-BU-CS-CA-DP_0,BT,0.731420935,0.7725704312324524,0.2113368809223175
BT-MS008-CH-BU-CS-CA-DP_0,BU,0.364330894,0.23547080159187317,0.1627005934715271
BT-MS008-CH-BU-CS-CA-DP_0,CS,0.042528862,0.02701130323112011,0.12480999529361725
BT-MS008-CH-BU-CS-CA-DP_0,CD,0.549851994,0.5920096039772034,0.12792043387889862
BT-MS008-CH-BU-CS-CA-DP_0,DP,0.04193482,0.0463278591632843,0.13769860565662384
BT-MS008-CH-BU-CS-CA-DP_0,CH,0.135784302,0.03729550540447235,0.10737596452236176
BU-BV-CA-DP,CA,0.00386736,0.0027739531360566616,0.04625089094042778
BU-BV-CA-DP,BU,0.329023246,0.4781450629234314,0.16558009386062622
BU-BV-CA-DP,BV,1.019240531,0.7979819774627686,0.14519014954566956
BU-BV-CA-DP,DP,0.075035573,0.08708110451698303,0.1366220861673355
BU-BV-CA-DP,CA,0.081425461,9.481053893978242e-06,0.046201158314943314
BU-BV-CA-DP,BU,0.475167701,0.4828229546546936,0.16781967878341675
BU-BV-CA-DP,BV,0.741704267,0.5868052244186401,0.16119936108589172
BU-BV-CA-DP,DP,0.130869266,0.3382488787174225,0.14423537254333496
BU-MS008-CH-CS,BU,0.379018648,0.6723442673683167,0.16089871525764465
BU-MS008-CH-CS,CS,0.037043582,0.11750223487615585,0.1254040151834488
BU-MS008-CH-CS,CD,0.351676336,0.3931673765182495,0.12982454895973206
BU-MS008-CH-CS,CH,0.014261459,0.1124764159321785,0.1069726049900055
BU-MS008-CH-CS,BU,0.410425901,0.5493317246437073,0.16304785013198853
BU-MS008-CH-CS,CS,0.121590925,0.1521182507276535,0.13046801090240479
BU-MS008-CH-CS,CD,0.559674253,0.5438584685325623,0.13102009892463684
BU-MS008-CH-CS,CH,0.041975556,0.07266397774219513,0.10828788578510284
BV-CH-CS,BV,0.782450824,0.5824480652809143,0.142421156167984
BV-CH-CS,CS,0.058986959,0.14215479791164398,0.12685124576091766
BV-CH-CS,CH,0.071395554,0.23945684731006622,0.10882627964019775
BV-CH-CS,BV,0.414270914,0.5345147252082825,0.14886848628520966
BV-CH-CS,CS,0.445903506,0.2650144696235657,0.13524189591407776
BV-CH-CS,CH,0.299158869,0.2533886134624481,0.10914038866758347
BT-BV-CA-CS-DP,CA,0.001182816,0.01790006458759308,0.05121048912405968
BT-BV-CA-CS-DP,BT,1.130309385,1.3804947137832642,0.2069838047027588
BT-BV-CA-CS-DP,BV,0.392285992,0.2708700895309448,0.17758779227733612
BT-BV-CA-CS-DP,CS,0.129721089,0.08795822411775589,0.12408231198787689
BT-BV-CA-CS-DP,DP,0.02150071,0.010214467532932758,0.1190345361828804
BT-BV-CA-CS-DP,CA,0.026700729,0.0667869821190834,0.05990205705165863
BT-BV-CA-CS-DP,BT,1.479136861,1.4660977125167847,0.21875102818012238
BT-BV-CA-CS-DP,BV,0.049051487,0.1361013948917389,0.18521659076213837
BT-BV-CA-CS-DP,CS,0.250996723,0.20519623160362244,0.13598723709583282
BT-BV-CA-CS-DP,DP,0.025947523,0.016184348613023758,0.12029390782117844
BV-CH-CS-DP,BV,0.338737555,0.7288383841514587,0.17525900900363922
BV-CH-CS-DP,CS,0.067979638,0.14212580025196075,0.12495579570531845
BV-CH-CS-DP,DP,0.253468331,0.007347144186496735,0.11903395503759384
BV-CH-CS-DP,CH,0.111814481,0.19149772822856903,0.08622858673334122
BV-CH-CS-DP,BV,0.345054038,0.49852412939071655,0.1801585853099823
BV-CH-CS-DP,CS,0.328269511,0.24457544088363647,0.1370701789855957
BV-CH-CS-DP,DP,0.438453656,0.00025633559562265873,0.11899606138467789
BV-CH-CS-DP,CH,0.267722827,0.3311702609062195,0.08719669282436371
CA-MS008-CH-CS-DP,CA,0.000983488,0.012648303993046284,0.05106726288795471
CA-MS008-CH-CS-DP,CS,0.009225315,0.1262674778699875,0.12456890940666199
CA-MS008-CH-CS-DP,CD,0.123385993,0.340667188167572,0.12647122144699097
CA-MS008-CH-CS-DP,DP,0.080938528,0.03692048043012619,0.11918874084949493
CA-MS008-CH-CS-DP,CH,0.009633351,0.06274302303791046,0.08390171080827713
CA-MS008-CH-CS-DP,CA,0.004789849,0.025679662823677063,0.05258425697684288
CA-MS008-CH-CS-DP,CS,0.034821971,0.1598011553287506,0.1294318288564682
CA-MS008-CH-CS-DP,CD,0.25388498,0.46059608459472656,0.13100828230381012
CA-MS008-CH-CS-DP,DP,0.15256947,0.12374934554100037,0.12779532372951508
CA-MS008-CH-CS-DP,CH,0.007267063,0.06765799224376678,0.08606957644224167
DP-CA_0,CA,0.002926229,0.016384825110435486,0.051276568323373795
DP-CA_0,DP,0.131907108,0.16287364065647125,0.1220724880695343
DP-CA_0,CA,0.005125868,0.0012146136723458767,0.05101080611348152
DP-CA_0,DP,0.150374126,0.4325363039970398,0.12792575359344482
MS008-CH-CS-DP-BU-BV-BT-CA_0,CA,0.012851251,0.004763599950820208,0.050978876650333405
MS008-CH-CS-DP-BU-BV-BT-CA_0,BT,0.757898165,0.8186988830566406,0.2050085812807083
MS008-CH-CS-DP-BU-BV-BT-CA_0,BU,0.390804236,0.26367080211639404,0.1741703450679779
MS008-CH-CS-DP-BU-BV-BT-CA_0,BV,0.04025007,0.11549130082130432,0.17123810946941376
MS008-CH-CS-DP-BU-BV-BT-CA_0,CS,0.020641437,0.04399727284908295,0.12340337038040161
MS008-CH-CS-DP-BU-BV-BT-CA_0,CD,0.421520121,0.46215954422950745,0.12585754692554474
MS008-CH-CS-DP-BU-BV-BT-CA_0,DP,0.031028266,0.012287878431379795,0.11902177333831787
MS008-CH-CS-DP-BU-BV-BT-CA_0,CH,0.095173116,0.0414772592484951,0.08353888988494873
MS008-CH-CS-DP-BU-BV-BT-CA_0,CA,0.045323261,0.002763020806014538,0.051015742123126984
MS008-CH-CS-DP-BU-BV-BT-CA_0,BT,0.800436286,0.7337577939033508,0.20854967832565308
MS008-CH-CS-DP-BU-BV-BT-CA_0,BU,0.295722273,0.2325350046157837,0.1769804209470749
MS008-CH-CS-DP-BU-BV-BT-CA_0,BV,0.01822791,0.003805539570748806,0.1699826568365097
MS008-CH-CS-DP-BU-BV-BT-CA_0,CS,0.042306076,0.02079409919679165,0.12369797378778458
MS008-CH-CS-DP-BU-BV-BT-CA_0,CD,0.374215168,0.6126267910003662,0.12575142085552216
MS008-CH-CS-DP-BU-BV-BT-CA_0,DP,0.038906179,0.013181553222239017,0.11930667608976364
MS008-CH-CS-DP-BU-BV-BT-CA_0,CH,0.103362861,0.0279033575206995,0.08421210199594498
BT-BV-MS008-CH-BU-CS-DP_0,BT,0.664136366,0.821987509727478,0.20626617968082428
BT-BV-MS008-CH-BU-CS-DP_0,BU,0.429682312,0.28717300295829773,0.15495072305202484
BT-BV-MS008-CH-BU-CS-DP_0,BV,0.076122944,0.06819156557321548,0.1262112855911255
BT-BV-MS008-CH-BU-CS-DP_0,CS,0.022726068,0.03775068745017052,0.1216132864356041
BT-BV-MS008-CH-BU-CS-DP_0,CD,0.555583432,0.45636552572250366,0.12846456468105316
BT-BV-MS008-CH-BU-CS-DP_0,DP,0.034150354,0.01786949671804905,0.12115932255983353
BT-BV-MS008-CH-BU-CS-DP_0,CH,0.11809854,0.09413177520036697,0.10225365310907364
BT-BV-MS008-CH-BU-CS-DP_0,BT,0.683514544,0.764872133731842,0.20948545634746552
BT-BV-MS008-CH-BU-CS-DP_0,BU,0.335286809,0.23806232213974,0.15703944861888885
BT-BV-MS008-CH-BU-CS-DP_0,BV,0.025201036,0.0010705133900046349,0.12539051473140717
BT-BV-MS008-CH-BU-CS-DP_0,CS,0.052764147,0.0205112025141716,0.12192629277706146
BT-BV-MS008-CH-BU-CS-DP_0,CD,0.591663484,0.5981647372245789,0.12798631191253662
BT-BV-MS008-CH-BU-CS-DP_0,DP,0.032422959,0.006271847989410162,0.12121755629777908
BT-BV-MS008-CH-BU-CS-DP_0,CH,0.119147031,0.034121908247470856,0.10288111120462418
BU-BV-CA-CH-DP,CA,0.006034828,0.0003881806624121964,0.0476282499730587
BU-BV-CA-CH-DP,BU,0.83136618,0.7179928421974182,0.1581002175807953
BU-BV-CA-CH-DP,BV,0.262222094,0.3068261444568634,0.1320972591638565
BU-BV-CA-CH-DP,DP,0.099728572,0.15927809476852417,0.12734530866146088
BU-BV-CA-CH-DP,CH,0.068481638,0.1770891696214676,0.1030326709151268
BU-BV-CA-CH-DP,CA,0.010589086,3.144776383745551e-10,0.04762604087591171
BU-BV-CA-CH-DP,BU,0.830293561,0.6243247985839844,0.1654517650604248
BU-BV-CA-CH-DP,BV,0.057940408,0.03715391084551811,0.1335381120443344
BU-BV-CA-CH-DP,DP,0.143081084,0.6027976870536804,0.13116998970508575
BU-BV-CA-CH-DP,CH,0.406095834,0.08894918859004974,0.10817819088697433
BU-BV-DP,BU,0.5192192,0.3830859661102295,0.1606254279613495
BU-BV-DP,BV,0.833483453,0.8787263035774231,0.13332171738147736
BU-BV-DP,DP,0.163963958,0.052178893238306046,0.12200739979743958
BU-BV-DP,BU,0.812054434,0.41214004158973694,0.16775478422641754
BU-BV-DP,BV,0.408121376,0.7426602840423584,0.15671975910663605
BU-BV-DP,DP,0.251490835,0.1731036901473999,0.1403261423110962
BU-BV_0,BU,0.677910064,0.3928110599517822,0.1622711420059204
BU-BV_0,BV,0.677923254,0.9329252243041992,0.13427190482616425
BU-BV_0,BU,0.352166929,0.40562114119529724,0.17532794177532196
BU-BV_0,BV,1.007333068,0.9356963634490967,0.14374521374702454
BV-CH-DP,BV,0.422196061,0.5911253094673157,0.13155223429203033
BV-CH-DP,DP,0.25214487,0.0773591473698616,0.12319859862327576
BV-CH-DP,CH,0.222825699,0.21269036829471588,0.10414397716522217
BV-CH-DP,BV,0.682797664,0.49078044295310974,0.14863580465316772
BV-CH-DP,DP,0.376308647,0.23609787225723267,0.14041326940059662
BV-CH-DP,CH,0.268060346,0.185476154088974,0.10473766922950745
BT-BU-CA-CS-DP,CA,0.002985826,0.006052068900316954,0.03921882435679436
BT-BU-CA-CS-DP,BT,1.232272221,1.1646156311035156,0.2057359218597412
BT-BU-CA-CS-DP,BU,0.234309324,0.26276105642318726,0.1527331918478012
BT-BU-CA-CS-DP,CS,0.236466613,0.13869281113147736,0.1203407272696495
BT-BU-CA-CS-DP,DP,0.033632677,0.04882817715406418,0.13642965257167816
BT-BU-CA-CS-DP,CA,0.049493299,0.007317147217690945,0.03954187035560608
BT-BU-CA-CS-DP,BT,1.308652061,1.3718712329864502,0.20838457345962524
BT-BU-CA-CS-DP,BU,0.128949249,0.10381714254617691,0.15384924411773682
BT-BU-CA-CS-DP,CS,0.278622409,0.24598295986652374,0.12806537747383118
BT-BU-CA-CS-DP,DP,0.042949619,0.09413877874612808,0.14390400052070618
BU-BV-CA-CS,CA,0.004040299,0.050397634506225586,0.040656983852386475
BU-BV-CA-CS,BU,0.223044573,0.4280358552932739,0.15477953851222992
BU-BV-CA-CS,BV,0.960231878,0.7796757221221924,0.14549235999584198
BU-BV-CA-CS,CS,0.220183258,0.24274460971355438,0.12355466187000275
BU-BV-CA-CS,CA,0.108602031,0.2997741997241974,0.06080536171793938
BU-BV-CA-CS,BU,0.130373325,0.17216406762599945,0.1973927915096283
BU-BV-CA-CS,BV,1.015951532,0.5847622156143188,0.17973655462265015
BU-BV-CA-CS,CS,0.216406416,0.753008246421814,0.1538698822259903
BU-CA_0,CA,0.070045441,0.012826095335185528,0.0393395759165287
BU-CA_0,BU,1.230954535,0.7120102047920227,0.1531839668750763
BU-CA_0,CA,0.133907125,0.012246939353644848,0.03998571261763573
BU-CA_0,BU,0.939759544,0.7328842282295227,0.1528930366039276
BV-CA-MS008-CH,CA,0.00540144,0.02718508616089821,0.03950311616063118
BV-CA-MS008-CH,BV,0.402661676,0.3494701385498047,0.14349918067455292
BV-CA-MS008-CH,CD,0.265441009,0.4892902970314026,0.12928511202335358
BV-CA-MS008-CH,CH,0.07332921,0.12400887906551361,0.10613439977169037
BV-CA-MS008-CH,CA,0.189032764,0.08204584568738937,0.04291949048638344
BV-CA-MS008-CH,BV,0.44960069,0.20120851695537567,0.14782799780368805
BV-CA-MS008-CH,CD,0.407677347,0.564622163772583,0.1330893486738205
BV-CA-MS008-CH,CH,0.169855814,0.08177843689918518,0.10751821845769882
CH-BU_0,BU,1.235182956,0.8698137402534485,0.15370966494083405
CH-BU_0,CH,0.15348373,0.16307158768177032,0.10621415078639984
CH-BU_0,BU,0.937805652,0.886497437953949,0.15410393476486206
CH-BU_0,CH,0.227194306,0.16475413739681244,0.1064072921872139
BT-BV-MS008-CH-BU-CA-DP_0,CA,0.013462371,0.008993794210255146,0.04843594506382942
BT-BV-MS008-CH-BU-CA-DP_0,BT,0.593304849,0.8097882270812988,0.20391200482845306
BT-BV-MS008-CH-BU-CA-DP_0,BU,0.372760447,0.31875795125961304,0.16595135629177094
BT-BV-MS008-CH-BU-CA-DP_0,BV,0.076308162,0.10973791033029556,0.15157893300056458
BT-BV-MS008-CH-BU-CA-DP_0,CD,0.614228508,0.4025805592536926,0.12636277079582214
BT-BV-MS008-CH-BU-CA-DP_0,DP,0.029741717,0.02075604721903801,0.12881869077682495
BT-BV-MS008-CH-BU-CA-DP_0,CH,0.106027283,0.07888893038034439,0.0962606817483902
BT-BV-MS008-CH-BU-CA-DP_0,CA,0.018027764,0.012392956763505936,0.04869113117456436
BT-BV-MS008-CH-BU-CA-DP_0,BT,0.675428481,0.7537264823913574,0.2082773596048355
BT-BV-MS008-CH-BU-CA-DP_0,BU,0.34982781,0.2772290110588074,0.16843724250793457
BT-BV-MS008-CH-BU-CA-DP_0,BV,0.023305986,0.0027396418154239655,0.15029975771903992
BT-BV-MS008-CH-BU-CA-DP_0,CD,0.745282779,0.5327363610267639,0.1279786080121994
BT-BV-MS008-CH-BU-CA-DP_0,DP,0.032392272,0.021008295938372612,0.12974801659584045
BT-BV-MS008-CH-BU-CA-DP_0,CH,0.129234917,0.045517124235630035,0.0968567505478859
BT-BV-MS008-CH-CS-CA-DP_0,CA,0.024903187,0.010879765264689922,0.0484548956155777
BT-BV-MS008-CH-CS-CA-DP_0,BT,1.001764805,1.0371259450912476,0.20768079161643982
BT-BV-MS008-CH-CS-CA-DP_0,BV,0.123252584,0.12926876544952393,0.15246731042861938
BT-BV-MS008-CH-CS-CA-DP_0,CS,0.023214608,0.04641186445951462,0.12573938071727753
BT-BV-MS008-CH-CS-CA-DP_0,CD,0.551372173,0.3807753920555115,0.1280543953180313
BT-BV-MS008-CH-CS-CA-DP_0,DP,0.049695411,0.01330073457211256,0.12877815961837769
BT-BV-MS008-CH-CS-CA-DP_0,CH,0.09863051,0.08307201415300369,0.09644239395856857
BT-BV-MS008-CH-CS-CA-DP_0,CA,0.064289051,0.020229438319802284,0.04925244674086571
BT-BV-MS008-CH-CS-CA-DP_0,BT,1.014694372,0.9888273477554321,0.20925217866897583
BT-BV-MS008-CH-CS-CA-DP_0,BV,0.045698535,0.003975620027631521,0.15032340586185455
BT-BV-MS008-CH-CS-CA-DP_0,CS,0.045747008,0.02632926031947136,0.12627704441547394
BT-BV-MS008-CH-CS-CA-DP_0,CD,0.719334107,0.49922388792037964,0.13215871155261993
BT-BV-MS008-CH-CS-CA-DP_0,DP,0.05434563,0.004159971140325069,0.1287945955991745
BT-BV-MS008-CH-CS-CA-DP_0,CH,0.110891271,0.05116379261016846,0.09731138497591019
BU-BV-CH-CS,BU,0.764053753,0.7372682690620422,0.16970142722129822
BU-BV-CH-CS,BV,0.384136929,0.37761351466178894,0.15568625926971436
BU-BV-CH-CS,CS,0.083012964,0.17876601219177246,0.12819969654083252
BU-BV-CH-CS,CH,0.086463024,0.19145169854164124,0.09718893468379974
BU-BV-CH-CS,BU,0.737834965,0.7103899121284485,0.175176739692688
BU-BV-CH-CS,BV,0.031271091,0.14050933718681335,0.16047050058841705
BU-BV-CH-CS,CS,0.222452274,0.43009209632873535,0.1368374079465866
BU-BV-CH-CS,CH,0.40494164,0.19315870106220245,0.09740973263978958
BU-BV-CS-DP,BU,0.219798715,0.4997926354408264,0.16902992129325867
BU-BV-CS-DP,BV,0.943281182,0.6863221526145935,0.15804776549339294
BU-BV-CS-DP,CS,0.271145584,0.19057311117649078,0.12854892015457153
BU-BV-CS-DP,DP,0.05177449,0.13766026496887207,0.1320967823266983
BU-BV-CS-DP,BU,0.176806391,0.3988301753997803,0.17623497545719147
BU-BV-CS-DP,BV,0.869351875,0.4500257074832916,0.18923698365688324
BU-BV-CS-DP,CS,0.359404548,0.23419389128684998,0.13784007728099823
BU-BV-CS-DP,DP,0.040437176,0.4698112905025482,0.1395842283964157
CS-DP_0,CS,0.344121404,0.34563684463500977,0.1297668218612671
CS-DP_0,DP,0.145211948,0.20088468492031097,0.13534560799598694
CS-DP_0,CS,0.189840092,0.3327769935131073,0.13890507817268372
CS-DP_0,DP,0.234493228,0.4538407325744629,0.14092016220092773
BT-BU-CH-DP,BT,1.228591776,1.0556014776229858,0.21273617446422577
BT-BU-CH-DP,BU,0.418825353,0.4598795175552368,0.16153541207313538
BT-BU-CH-DP,DP,0.039808325,0.09225727617740631,0.13695421814918518
BT-BU-CH-DP,CH,0.066941229,0.1382969617843628,0.10281848162412643
BT-BU-CH-DP,BT,1.051998415,1.1990827322006226,0.2311038374900818
BT-BU-CH-DP,BU,0.28385646,0.327702134847641,0.16894203424453735
BT-BU-CH-DP,DP,0.03960419,0.2393403947353363,0.14488744735717773
BT-BU-CH-DP,CH,0.240207582,0.13009124994277954,0.103256456553936
BU-BT_0,BT,1.237538642,1.1747052669525146,0.21267685294151306
BU-BT_0,BU,0.413294653,0.33480867743492126,0.1628020703792572
BU-BT_0,BT,1.211940777,1.2719846963882446,0.21491998434066772
BU-BT_0,BU,0.354559197,0.26948094367980957,0.17036356031894684
BU-BV-CA-CH-CS,CA,0.004258164,0.001095390529371798,0.04713993892073631
BU-BV-CA-CH-CS,BU,0.57410633,0.7415766716003418,0.16289393603801727
BU-BV-CA-CH-CS,BV,0.321803137,0.35193830728530884,0.14684638381004333
BU-BV-CA-CH-CS,CS,0.136334483,0.13997499644756317,0.12615855038166046
BU-BV-CA-CH-CS,CH,0.072831272,0.2008485347032547,0.10311674326658249
BU-BV-CA-CH-CS,CA,0.023035228,9.275829029320448e-07,0.047128964215517044
BU-BV-CA-CH-CS,BU,0.561833369,0.6767994165420532,0.16684216260910034
BU-BV-CA-CH-CS,BV,0.127546768,0.22404715418815613,0.15488725900650024
BU-BV-CA-CH-CS,CS,0.298582341,0.3932201564311981,0.13524962961673737
BU-BV-CA-CH-CS,CH,0.43116896,0.18772093951702118,0.1036321371793747
BU-BV-CA-MS008-CH-CS,CA,0.008463583,0.001298537477850914,0.04713950306177139
BU-BV-CA-MS008-CH-CS,BU,0.801336868,0.5714660882949829,0.16139550507068634
BU-BV-CA-MS008-CH-CS,BV,0.132820671,0.2208487093448639,0.14433713257312775
BU-BV-CA-MS008-CH-CS,CS,0.056369977,0.06639542430639267,0.12448269128799438
BU-BV-CA-MS008-CH-CS,CD,0.424415918,0.44687774777412415,0.12343461811542511
BU-BV-CA-MS008-CH-CS,CH,0.043926319,0.12406352907419205,0.10269258171319962
BU-BV-CA-MS008-CH-CS,CA,0.019583384,1.8889036255131941e-06,0.047128964215517044
BU-BV-CA-MS008-CH-CS,BU,0.396130095,0.5635885000228882,0.1617821455001831
BU-BV-CA-MS008-CH-CS,BV,0.02813065,0.05801717936992645,0.1446284055709839
BU-BV-CA-MS008-CH-CS,CS,0.050033455,0.07976172864437103,0.1288941353559494
BU-BV-CA-MS008-CH-CS,CD,0.455533558,0.5708947777748108,0.12312239408493042
BU-BV-CA-MS008-CH-CS,CH,0.032255528,0.06196539103984833,0.10347841680049896
BV-CA-MS008-CH-CS,CA,0.004002931,0.02669515274465084,0.047489531338214874
BV-CA-MS008-CH-CS,BV,0.225694287,0.3844696581363678,0.14571164548397064
BV-CA-MS008-CH-CS,CS,0.076735585,0.07291819900274277,0.12471602857112885
BV-CA-MS008-CH-CS,CD,0.525265915,0.3845474123954773,0.12543059885501862
BV-CA-MS008-CH-CS,CH,0.086134605,0.1546439826488495,0.10329818725585938
BV-CA-MS008-CH-CS,CA,0.071144951,0.12819884717464447,0.05217256397008896
BV-CA-MS008-CH-CS,BV,0.186702414,0.29487237334251404,0.15082649886608124
BV-CA-MS008-CH-CS,CS,0.180710534,0.1259339600801468,0.13401462137699127
BV-CA-MS008-CH-CS,CD,0.633440416,0.42202675342559814,0.1350593864917755
BV-CA-MS008-CH-CS,CH,0.157335016,0.1259215623140335,0.1046571210026741
BT-BU-BV-CA-DP,CA,0.00105719,0.001656681764870882,0.04539111629128456
BT-BU-BV-CA-DP,BT,1.116552706,1.0662813186645508,0.19017858803272247
BT-BU-BV-CA-DP,BU,0.063023773,0.2608817517757416,0.16726750135421753
BT-BU-BV-CA-DP,BV,0.312622055,0.36866313219070435,0.1454806923866272
BT-BU-BV-CA-DP,DP,0.018077613,0.03655379265546799,0.1364862620830536
BT-BU-BV-CA-DP,CA,0.018695981,2.0294139176257886e-05,0.045378003269433975
BT-BU-BV-CA-DP,BT,1.447190123,1.1673413515090942,0.18617869913578033
BT-BU-BV-CA-DP,BU,0.054920349,0.2516700029373169,0.174475759267807
BT-BU-BV-CA-DP,BV,0.032820864,0.16005419194698334,0.1516285538673401
BT-BU-BV-CA-DP,DP,0.023706044,0.09929804503917694,0.14530214667320251
BT-BU-CA-MS008-CH-CS,CA,0.002351274,0.0003684796392917633,0.045378945767879486
BT-BU-CA-MS008-CH-CS,BT,1.089964092,0.8355550765991211,0.1784275323152542
BT-BU-CA-MS008-CH-CS,BU,0.451911507,0.3449956178665161,0.165757417678833
BT-BU-CA-MS008-CH-CS,CS,0.028827493,0.04360749572515488,0.10762012749910355
BT-BU-CA-MS008-CH-CS,CD,0.226798307,0.4847851097583771,0.11842472106218338
BT-BU-CA-MS008-CH-CS,CH,0.040147332,0.09135192632675171,0.10913104563951492
BT-BU-CA-MS008-CH-CS,CA,0.004108026,2.0577012946887407e-06,0.045377977192401886
BT-BU-CA-MS008-CH-CS,BT,0.940326531,0.7345919609069824,0.18084540963172913
BT-BU-CA-MS008-CH-CS,BU,0.249233681,0.2658338248729706,0.16735325753688812
BT-BU-CA-MS008-CH-CS,CS,0.027267236,0.029634378850460052,0.10827774554491043
BT-BU-CA-MS008-CH-CS,CD,0.288013447,0.6422476768493652,0.11615993827581406
BT-BU-CA-MS008-CH-CS,CH,0.038717718,0.031582895666360855,0.10964460670948029
BT-CA_0,CA,0.048043501,0.010677598416805267,0.04565059766173363
BT-CA_0,BT,1.715623174,1.313750982284546,0.18517766892910004
BT-CA_0,CA,0.046512166,0.006786883343011141,0.04635535925626755
BT-CA_0,BT,1.44498783,1.3529863357543945,0.18165116012096405
CH-CS_0,CS,0.526860034,0.1580783873796463,0.11075717210769653
CH-CS_0,CH,0.319806616,0.21227331459522247,0.10996638983488083
CH-CS_0,CS,0.648996918,0.2792093753814697,0.11616148054599762
CH-CS_0,CH,0.239503103,0.23842540383338928,0.11099953204393387
DP-BT_0,BT,1.941975593,1.3304800987243652,0.17906124889850616
DP-BT_0,DP,0.067857769,0.05877969041466713,0.13718906044960022
DP-BT_0,BT,1.870548571,1.352155327796936,0.17989541590213776
DP-BT_0,DP,0.06045144,0.08380086719989777,0.14386598765850067
BT-BV-CH-DP,BT,1.440273149,1.3807343244552612,0.19836820662021637
BT-BV-CH-DP,BV,0.169505055,0.12505744397640228,0.14389216899871826
BT-BV-CH-DP,DP,0.038982025,0.046358104795217514,0.10738532990217209
BT-BV-CH-DP,CH,0.05907313,0.16062605381011963,0.10734772682189941
BT-BV-CH-DP,BT,1.605372493,1.4471720457077026,0.19618134200572968
BT-BV-CH-DP,BV,0.012213557,0.012119644321501255,0.14070647954940796
BT-BV-CH-DP,DP,0.048396053,0.07420320808887482,0.11544886231422424
BT-BV-CH-DP,CH,0.194684569,0.14338257908821106,0.10787102580070496
BT-BV-MS008-CH-BU-CS-CA_0,CA,0.011806794,0.00407189317047596,0.048008035868406296
BT-BV-MS008-CH-BU-CS-CA_0,BT,0.704108903,0.7788209319114685,0.19410812854766846
BT-BV-MS008-CH-BU-CS-CA_0,BU,0.340430634,0.3091557025909424,0.15998348593711853
BT-BV-MS008-CH-BU-CS-CA_0,BV,0.122795861,0.07216769456863403,0.14116071164608002
BT-BV-MS008-CH-BU-CS-CA_0,CS,0.063948969,0.0411907434463501,0.12907268106937408
BT-BV-MS008-CH-BU-CS-CA_0,CD,0.422412258,0.4681185185909271,0.12293174117803574
BT-BV-MS008-CH-BU-CS-CA_0,CH,0.110329856,0.0944470763206482,0.10646773874759674
BT-BV-MS008-CH-BU-CS-CA_0,CA,0.036445828,0.0011545125162228942,0.04800419136881828
BT-BV-MS008-CH-BU-CS-CA_0,BT,0.552668372,0.7153791785240173,0.1976919025182724
BT-BV-MS008-CH-BU-CS-CA_0,BU,0.241267738,0.2791927754878998,0.16214939951896667
BT-BV-MS008-CH-BU-CS-CA_0,BV,0.024212173,0.0024899637792259455,0.14021486043930054
BT-BV-MS008-CH-BU-CS-CA_0,CS,0.050884232,0.028877772390842438,0.1297644078731537
BT-BV-MS008-CH-BU-CS-CA_0,CD,0.689997042,0.5722804665565491,0.12279680371284485
BT-BV-MS008-CH-BU-CS-CA_0,CH,0.056191283,0.04242401570081711,0.10720730572938919
BU-CA-MS008-CH-CS,CA,0.003723549,0.0023789736442267895,0.04800797998905182
BU-CA-MS008-CH-CS,BU,0.431386407,0.6708989143371582,0.1602019965648651
BU-CA-MS008-CH-CS,CS,0.049845203,0.10157832503318787,0.12990722060203552
BU-CA-MS008-CH-CS,CD,0.372192653,0.3700099289417267,0.12436235696077347
BU-CA-MS008-CH-CS,CH,0.025518845,0.11753947287797928,0.10661888867616653
BU-CA-MS008-CH-CS,CA,0.017251335,0.00013187008153181523,0.047986239194869995
BU-CA-MS008-CH-CS,BU,0.428914733,0.5583844184875488,0.1618994176387787
BU-CA-MS008-CH-CS,CS,0.136184174,0.1387484222650528,0.13450594246387482
BU-CA-MS008-CH-CS,CD,0.580842019,0.5302613973617554,0.12458830326795578
BU-CA-MS008-CH-CS,CH,0.042141011,0.06852219998836517,0.1074979305267334
DP-BU_0,BU,0.724432791,0.7410075068473816,0.16158564388751984
DP-BU_0,DP,0.680025524,0.1268748641014099,0.10928672552108765
DP-BU_0,BU,0.36480403,0.691105306148529,0.1655019372701645
DP-BU_0,DP,0.893487665,0.29242953658103943,0.11453577131032944
MS008-BT_0,BT,1.456026371,0.8489069938659668,0.19836828112602234
MS008-BT_0,CD,0.570640286,0.5975762009620667,0.12411154806613922
MS008-BT_0,BT,1.116446298,0.8440046310424805,0.19979120790958405
MS008-BT_0,CD,0.877220347,0.6073449850082397,0.12396705150604248
