Treatments,Time,BT,BV,CD,CH,BU,CS,CA,DP,P1,P2,P3
BT-BV-CH-BU-CS-CA-DP_0,0,0.001428571,0.001428571,0.0,0.001428571,0.001428571,0.001428571,0.001428571,0.001428571,1.0,0.0,0.0
BT-BV-CH-BU-CS-CA-DP_0,12,1.104770133,0.179777551,0.0,0.212015752,0.401490514,0.021472142,0.018853547,0.046787036,1.0,0.0,0.0
BT-BV-CH-BU-CS-CA-DP_0,24,1.04351902,0.026561931,0.0,0.191174923,0.303696177,0.039351074,0.028245874,0.059284295,1.0,0.0,0.0
BT-BV-MS001-BU-CS-CA-DP_0,0,0.001428571,0.001428571,0.001428571,0.0,0.001428571,0.001428571,0.001428571,0.001428571,1.0,0.0,0.0
BT-BV-MS001-BU-CS-CA-DP_0,12,0.64709308,0.088616829,0.64665243,0.0,0.292826327,0.067192825,0.017417236,0.021701213,1.0,0.0,0.0
BT-BV-MS001-BU-CS-CA-DP_0,24,0.666666238,0.026042711,0.72910913,0.0,0.217456601,0.136722092,0.102708403,0.023794824,1.0,0.0,0.0
BT-BV-MS001-CH-BU-CA-DP_0,0,0.001428571,0.001428571,0.001428571,0.001428571,0.001428571,0.0,0.001428571,0.001428571,1.0,0.0,0.0
BT-BV-MS001-CH-BU-CA-DP_0,12,0.703554638,0.071733231,0.50624681,0.090608995,0.391390906,0.0,0.011245296,0.033053445,1.0,0.0,0.0
BT-BV-MS001-CH-BU-CA-DP_0,24,0.906411204,0.01706892,0.743146581,0.115603698,0.311760021,0.0,0.019143394,0.035699514,1.0,0.0,0.0
BT-BV-MS001-CH-BU-CS-CA_0,0,0.001428571,0.001428571,0.001428571,0.001428571,0.001428571,0.001428571,0.001428571,0.0,1.0,0.0,0.0
BT-BV-MS001-CH-BU-CS-CA_0,12,0.677593379,0.095470657,0.595320826,0.07542082,0.316027569,0.050727722,0.010605657,0.0,1.0,0.0,0.0
BT-BV-MS001-CH-BU-CS-CA_0,24,0.626334127,0.021890674,0.617406845,0.049638765,0.203109957,0.06841331,0.026039669,0.0,1.0,0.0,0.0
BT-BV-MS001-CH-BU-CS-DP_0,0,0.001428571,0.001428571,0.001428571,0.001428571,0.001428571,0.001428571,0.0,0.001428571,1.0,0.0,0.0
BT-BV-MS001-CH-BU-CS-DP_0,12,0.683111669,0.086270688,0.543376968,0.108798586,0.375158092,0.02644671,0.0,0.026503928,1.0,0.0,0.0
BT-BV-MS001-CH-BU-CS-DP_0,24,0.656287565,0.011481231,0.581471762,0.081872147,0.298780492,0.086965211,0.0,0.020808276,1.0,0.0,0.0
BT-BV-MS001-CH-CS-CA-DP_0,0,0.001428571,0.001428571,0.001428571,0.001428571,0.0,0.001428571,0.001428571,0.001428571,1.0,0.0,0.0
BT-BV-MS001-CH-CS-CA-DP_0,12,1.07483369,0.098214733,0.536802196,0.079807893,0.0,0.029112614,0.020091681,0.045720534,1.0,0.0,0.0
BT-BV-MS001-CH-CS-CA-DP_0,24,0.994797034,0.016398097,0.62707319,0.092263819,0.0,0.061363129,0.065923958,0.051347453,1.0,0.0,0.0
BT-CA_0,0,0.005,0.0,0.0,0.0,0.0,0.0,0.005,0.0,1.0,0.0,0.0
BT-CA_0,12,1.715623174,0.0,0.0,0.0,0.0,0.0,0.048043501,0.0,1.0,0.0,0.0
BT-CA_0,24,1.44498783,0.0,0.0,0.0,0.0,0.0,0.046512166,0.0,1.0,0.0,0.0
BT-MS001-CH-BU-CS-CA-DP_0,0,0.001428571,0.0,0.001428571,0.001428571,0.001428571,0.001428571,0.001428571,0.001428571,1.0,0.0,0.0
BT-MS001-CH-BU-CS-CA-DP_0,12,0.756708922,0.0,0.461238003,0.100994222,0.477315436,0.017373725,0.011090124,0.038112876,1.0,0.0,0.0
BT-MS001-CH-BU-CS-CA-DP_0,24,0.68899837,0.0,0.48956557,0.096550713,0.292102129,0.042922601,0.021419684,0.025440925,1.0,0.0,0.0
BU-BT_0,0,0.005,0.0,0.0,0.0,0.005,0.0,0.0,0.0,1.0,0.0,0.0
BU-BT_0,12,1.237538642,0.0,0.0,0.0,0.413294653,0.0,0.0,0.0,1.0,0.0,0.0
BU-BT_0,24,1.211940777,0.0,0.0,0.0,0.354559197,0.0,0.0,0.0,1.0,0.0,0.0
BU-BV_0,0,0.0,0.005,0.0,0.0,0.005,0.0,0.0,0.0,1.0,0.0,0.0
BU-BV_0,12,0.0,0.677923254,0.0,0.0,0.677910064,0.0,0.0,0.0,1.0,0.0,0.0
BU-BV_0,24,0.0,1.007333068,0.0,0.0,0.352166929,0.0,0.0,0.0,1.0,0.0,0.0
BU-CA_0,0,0.0,0.0,0.0,0.0,0.005,0.0,0.005,0.0,1.0,0.0,0.0
BU-CA_0,12,0.0,0.0,0.0,0.0,1.230954535,0.0,0.070045441,0.0,1.0,0.0,0.0
BU-CA_0,24,0.0,0.0,0.0,0.0,0.939759544,0.0,0.133907125,0.0,1.0,0.0,0.0
BV-BT_0,0,0.005,0.005,0.0,0.0,0.0,0.0,0.0,0.0,1.0,0.0,0.0
BV-BT_0,12,1.759245252,0.229921442,0.0,0.0,0.0,0.0,0.0,0.0,1.0,0.0,0.0
BV-BT_0,24,1.38862985,0.378203472,0.0,0.0,0.0,0.0,0.0,0.0,1.0,0.0,0.0
BV-CA_0,0,0.0,0.005,0.0,0.0,0.0,0.0,0.005,0.0,1.0,0.0,0.0
BV-CA_0,12,0.0,1.215768651,0.0,0.0,0.0,0.0,0.278398007,0.0,1.0,0.0,0.0
BV-CA_0,24,0.0,1.108138883,0.0,0.0,0.0,0.0,0.285361094,0.0,1.0,0.0,0.0
BV-MS001-CH-BU-CS-CA-DP_0,0,0.0,0.001428571,0.001428571,0.001428571,0.001428571,0.001428571,0.001428571,0.001428571,1.0,0.0,0.0
BV-MS001-CH-BU-CS-CA-DP_0,12,0.0,0.067700162,0.540168901,0.086380448,0.499195846,0.033567452,0.013168218,0.032485681,1.0,0.0,0.0
BV-MS001-CH-BU-CS-CA-DP_0,24,0.0,0.026135882,0.605188622,0.070855828,0.447496495,0.238162404,0.053219813,0.037107641,1.0,0.0,0.0
CH-BT_0,0,0.005,0.0,0.0,0.005,0.0,0.0,0.0,0.0,1.0,0.0,0.0
CH-BT_0,12,1.848360128,0.0,0.0,0.114973217,0.0,0.0,0.0,0.0,1.0,0.0,0.0
CH-BT_0,24,1.238869079,0.0,0.0,0.036630937,0.0,0.0,0.0,0.0,1.0,0.0,0.0
CH-BU_0,0,0.0,0.0,0.0,0.005,0.005,0.0,0.0,0.0,1.0,0.0,0.0
CH-BU_0,12,0.0,0.0,0.0,0.15348373,1.235182956,0.0,0.0,0.0,1.0,0.0,0.0
CH-BU_0,24,0.0,0.0,0.0,0.227194306,0.937805652,0.0,0.0,0.0,1.0,0.0,0.0
CH-BV_0,0,0.0,0.005,0.0,0.005,0.0,0.0,0.0,0.0,1.0,0.0,0.0
CH-BV_0,12,0.0,0.851890082,0.0,0.491776636,0.0,0.0,0.0,0.0,1.0,0.0,0.0
CH-BV_0,24,0.0,0.904308544,0.0,0.357191483,0.0,0.0,0.0,0.0,1.0,0.0,0.0
CH-CA_0,0,0.0,0.0,0.0,0.005,0.0,0.0,0.005,0.0,1.0,0.0,0.0
CH-CA_0,12,0.0,0.0,0.0,0.218695908,0.0,0.0,0.082304089,0.0,1.0,0.0,0.0
CH-CA_0,24,0.0,0.0,0.0,0.148478455,0.0,0.0,0.151354881,0.0,1.0,0.0,0.0
CH-CS_0,0,0.0,0.0,0.0,0.005,0.0,0.005,0.0,0.0,1.0,0.0,0.0
CH-CS_0,12,0.0,0.0,0.0,0.319806616,0.0,0.526860034,0.0,0.0,1.0,0.0,0.0
CH-CS_0,24,0.0,0.0,0.0,0.239503103,0.0,0.648996918,0.0,0.0,1.0,0.0,0.0
CH-DP_0,0,0.0,0.0,0.0,0.005,0.0,0.0,0.0,0.005,1.0,0.0,0.0
CH-DP_0,12,0.0,0.0,0.0,0.057250103,0.0,0.0,0.0,0.277416585,1.0,0.0,0.0
CH-DP_0,24,0.0,0.0,0.0,0.046018517,0.0,0.0,0.0,0.291398143,1.0,0.0,0.0
CS-BT_0,0,0.005,0.0,0.0,0.0,0.0,0.005,0.0,0.0,1.0,0.0,0.0
CS-BT_0,12,1.974250319,0.0,0.0,0.0,0.0,0.320583,0.0,0.0,1.0,0.0,0.0
CS-BT_0,24,1.692240411,0.0,0.0,0.0,0.0,0.377759618,0.0,0.0,1.0,0.0,0.0
CS-BU_0,0,0.0,0.0,0.0,0.0,0.005,0.005,0.0,0.0,1.0,0.0,0.0
CS-BU_0,12,0.0,0.0,0.0,0.0,0.882400116,0.742933219,0.0,0.0,1.0,0.0,0.0
CS-BU_0,24,0.0,0.0,0.0,0.0,0.688211432,0.677121873,0.0,0.0,1.0,0.0,0.0
CS-BV_0,0,0.0,0.005,0.0,0.0,0.0,0.005,0.0,0.0,1.0,0.0,0.0
CS-BV_0,12,0.0,1.001307491,0.0,0.0,0.0,0.358525845,0.0,0.0,1.0,0.0,0.0
CS-BV_0,24,0.0,1.018079541,0.0,0.0,0.0,0.145087177,0.0,0.0,1.0,0.0,0.0
CS-CA_0,0,0.0,0.0,0.0,0.0,0.0,0.005,0.005,0.0,1.0,0.0,0.0
CS-CA_0,12,0.0,0.0,0.0,0.0,0.0,0.39072319,0.007776807,0.0,1.0,0.0,0.0
CS-CA_0,24,0.0,0.0,0.0,0.0,0.0,0.796445552,0.271721073,0.0,1.0,0.0,0.0
CS-DP_0,0,0.0,0.0,0.0,0.0,0.0,0.005,0.0,0.005,1.0,0.0,0.0
CS-DP_0,12,0.0,0.0,0.0,0.0,0.0,0.344121404,0.0,0.145211948,1.0,0.0,0.0
CS-DP_0,24,0.0,0.0,0.0,0.0,0.0,0.189840092,0.0,0.234493228,1.0,0.0,0.0
DP-BT_0,0,0.005,0.0,0.0,0.0,0.0,0.0,0.0,0.005,1.0,0.0,0.0
DP-BT_0,12,1.941975593,0.0,0.0,0.0,0.0,0.0,0.0,0.067857769,1.0,0.0,0.0
DP-BT_0,24,1.870548571,0.0,0.0,0.0,0.0,0.0,0.0,0.06045144,1.0,0.0,0.0
DP-BU_0,0,0.0,0.0,0.0,0.0,0.005,0.0,0.0,0.005,1.0,0.0,0.0
DP-BU_0,12,0.0,0.0,0.0,0.0,0.724432791,0.0,0.0,0.680025524,1.0,0.0,0.0
DP-BU_0,24,0.0,0.0,0.0,0.0,0.36480403,0.0,0.0,0.893487665,1.0,0.0,0.0
DP-BV_0,0,0.0,0.005,0.0,0.0,0.0,0.0,0.0,0.005,1.0,0.0,0.0
DP-BV_0,12,0.0,1.413939791,0.0,0.0,0.0,0.0,0.0,0.20789352,1.0,0.0,0.0
DP-BV_0,24,0.0,1.188235427,0.0,0.0,0.0,0.0,0.0,0.326731266,1.0,0.0,0.0
DP-CA_0,0,0.0,0.0,0.0,0.0,0.0,0.0,0.005,0.005,1.0,0.0,0.0
DP-CA_0,12,0.0,0.0,0.0,0.0,0.0,0.0,0.002926229,0.131907108,1.0,0.0,0.0
DP-CA_0,24,0.0,0.0,0.0,0.0,0.0,0.0,0.005125868,0.150374126,1.0,0.0,0.0
MS001-BT_0,0,0.005,0.0,0.005,0.0,0.0,0.0,0.0,0.0,1.0,0.0,0.0
MS001-BT_0,12,1.505030966,0.0,0.628802359,0.0,0.0,0.0,0.0,0.0,1.0,0.0,0.0
MS001-BT_0,24,1.18940892,0.0,0.795591061,0.0,0.0,0.0,0.0,0.0,1.0,0.0,0.0
MS001-BT_1,0,0.059470446,0.0,0.039779553,0.0,0.0,0.0,0.0,0.0,0.0,1.0,0.0
MS001-BT_1,12,1.605774828,0.0,0.033891834,0.0,0.0,0.0,0.0,0.0,0.0,1.0,0.0
MS001-BT_1,24,1.495358598,0.0,0.01764139,0.0,0.0,0.0,0.0,0.0,0.0,1.0,0.0
MS001-BT_2,0,0.07476793,0.0,0.00088207,0.0,0.0,0.0,0.0,0.0,0.0,0.0,1.0
MS001-BT_2,12,1.601241225,0.0,0.528092148,0.0,0.0,0.0,0.0,0.0,0.0,0.0,1.0
MS001-BT_2,24,1.180607073,0.0,0.271392926,0.0,0.0,0.0,0.0,0.0,0.0,0.0,1.0
MS001-BU_0,0,0.0,0.0,0.005,0.0,0.005,0.0,0.0,0.0,1.0,0.0,0.0
MS001-BU_0,12,0.0,0.0,0.773118687,0.0,0.400214647,0.0,0.0,0.0,1.0,0.0,0.0
MS001-BU_0,24,0.0,0.0,0.845427729,0.0,0.458238909,0.0,0.0,0.0,1.0,0.0,0.0
MS001-BU_1,0,0.0,0.0,0.042271386,0.0,0.022911945,0.0,0.0,0.0,0.0,1.0,0.0
MS001-BU_1,12,0.0,0.0,0.584619736,0.0,0.218546923,0.0,0.0,0.0,0.0,1.0,0.0
MS001-BU_1,24,0.0,0.0,0.685639213,0.0,0.201194138,0.0,0.0,0.0,0.0,1.0,0.0
MS001-BU_2,0,0.0,0.0,0.034281961,0.0,0.010059707,0.0,0.0,0.0,0.0,0.0,1.0
MS001-BU_2,12,0.0,0.0,0.597588778,0.0,0.036577877,0.0,0.0,0.0,0.0,0.0,1.0
MS001-BU_2,24,0.0,0.0,0.591332691,0.0,0.06566731,0.0,0.0,0.0,0.0,0.0,1.0
MS001-BV_0,0,0.0,0.005,0.005,0.0,0.0,0.0,0.0,0.0,1.0,0.0,0.0
MS001-BV_0,12,0.0,0.228360256,1.252306397,0.0,0.0,0.0,0.0,0.0,1.0,0.0,0.0
MS001-BV_0,24,0.0,0.184921763,0.778078253,0.0,0.0,0.0,0.0,0.0,1.0,0.0,0.0
MS001-BV_1,0,0.0,0.009246088,0.038903913,0.0,0.0,0.0,0.0,0.0,0.0,1.0,0.0
MS001-BV_1,12,0.0,0.574797221,0.722869414,0.0,0.0,0.0,0.0,0.0,0.0,1.0,0.0
MS001-BV_1,24,0.0,0.377515533,0.769817807,0.0,0.0,0.0,0.0,0.0,0.0,1.0,0.0
MS001-BV_2,0,0.0,0.018875777,0.03849089,0.0,0.0,0.0,0.0,0.0,0.0,0.0,1.0
MS001-BV_2,12,0.0,1.106545428,0.406287865,0.0,0.0,0.0,0.0,0.0,0.0,0.0,1.0
MS001-BV_2,24,0.0,0.935403796,0.362596228,0.0,0.0,0.0,0.0,0.0,0.0,0.0,1.0
MS001-CA_0,0,0.0,0.0,0.005,0.0,0.0,0.0,0.005,0.0,1.0,0.0,0.0
MS001-CA_0,12,0.0,0.0,0.542406301,0.0,0.0,0.0,0.012593687,0.0,1.0,0.0,0.0
MS001-CA_0,24,0.0,0.0,0.466074921,0.0,0.0,0.0,0.01025841,0.0,1.0,0.0,0.0
MS001-CA_1,0,0.0,0.0,0.023303746,0.0,0.0,0.0,0.000512921,0.0,0.0,1.0,0.0
MS001-CA_1,12,0.0,0.0,0.461525736,0.0,0.0,0.0,0.019140928,0.0,0.0,1.0,0.0
MS001-CA_1,24,0.0,0.0,0.544652542,0.0,0.0,0.0,0.019347475,0.0,0.0,1.0,0.0
MS001-CA_2,0,0.0,0.0,0.027232627,0.0,0.0,0.0,0.000967374,0.0,0.0,0.0,1.0
MS001-CA_2,12,0.0,0.0,0.4960828,0.0,0.0,0.0,0.01258384,0.0,0.0,0.0,1.0
MS001-CA_2,24,0.0,0.0,0.435388726,0.0,0.0,0.0,0.021111284,0.0,0.0,0.0,1.0
MS001-CH-CS-DP-BU-BV-BT-CA_0,0,0.00125,0.00125,0.00125,0.00125,0.00125,0.00125,0.00125,0.00125,1.0,0.0,0.0
MS001-CH-CS-DP-BU-BV-BT-CA_0,12,0.842660721,0.042401965,0.501114472,0.098717379,0.402269348,0.019037611,0.014389709,0.0257421,1.0,0.0,0.0
MS001-CH-CS-DP-BU-BV-BT-CA_0,24,0.769346418,0.00830126,0.424920205,0.076678711,0.209840355,0.041295032,0.039322753,0.031961932,1.0,0.0,0.0
MS001-CH-CS-DP-BU-BV-BT-CA_1,0,0.038467321,0.000415063,0.02124601,0.003833936,0.010492018,0.002064752,0.001966138,0.001598097,0.0,1.0,0.0
MS001-CH-CS-DP-BU-BV-BT-CA_1,12,1.311098284,0.011922941,0.005666609,0.006510725,0.253010901,0.122281222,0.12564852,0.007027453,0.0,1.0,0.0
MS001-CH-CS-DP-BU-BV-BT-CA_1,24,1.692966663,0.020537427,0.005803877,0.010686284,0.360968595,0.133010553,0.120732328,0.00812763,0.0,1.0,0.0
MS001-CH-CS-DP-BU-BV-BT-CA_2,0,0.084648333,0.001026871,0.000290194,0.000534314,0.01804843,0.006650528,0.006036616,0.000406382,0.0,0.0,1.0
MS001-CH-CS-DP-BU-BV-BT-CA_2,12,1.597972205,0.00216991,0.028217737,5.91e-05,0.060765892,0.001439624,0.199988323,0.001053875,0.0,0.0,1.0
MS001-CH-CS-DP-BU-BV-BT-CA_2,24,1.25669408,0.00093462,0.030007864,0.0,0.034089633,0.000535965,0.038782666,0.000121814,0.0,0.0,1.0
MS001-CH_0,0,0.0,0.0,0.005,0.005,0.0,0.0,0.0,0.0,1.0,0.0,0.0
MS001-CH_0,12,0.0,0.0,0.295841084,0.095992257,0.0,0.0,0.0,0.0,1.0,0.0,0.0
MS001-CH_0,24,0.0,0.0,0.323957073,0.070376261,0.0,0.0,0.0,0.0,1.0,0.0,0.0
MS001-CH_1,0,0.0,0.0,0.016197854,0.003518813,0.0,0.0,0.0,0.0,0.0,1.0,0.0
MS001-CH_1,12,0.0,0.0,0.508217849,0.030615473,0.0,0.0,0.0,0.0,0.0,1.0,0.0
MS001-CH_1,24,0.0,0.0,0.823821598,0.027345054,0.0,0.0,0.0,0.0,0.0,1.0,0.0
MS001-CH_2,0,0.0,0.0,0.04119108,0.001367253,0.0,0.0,0.0,0.0,0.0,0.0,1.0
MS001-CH_2,12,0.0,0.0,0.493475414,0.011357903,0.0,0.0,0.0,0.0,0.0,0.0,1.0
MS001-CH_2,24,0.0,0.0,0.432096345,0.018736977,0.0,0.0,0.0,0.0,0.0,0.0,1.0
MS001-CS_0,0,0.0,0.0,0.005,0.0,0.0,0.005,0.0,0.0,1.0,0.0,0.0
MS001-CS_0,12,0.0,0.0,0.641448911,0.0,0.0,0.030717766,0.0,0.0,1.0,0.0,0.0
MS001-CS_0,24,0.0,0.0,0.499686719,0.0,0.0,0.049479962,0.0,0.0,1.0,0.0,0.0
MS001-CS_1,0,0.0,0.0,0.024984336,0.0,0.0,0.002473998,0.0,0.0,0.0,1.0,0.0
MS001-CS_1,12,0.0,0.0,0.541058656,0.0,0.0,0.020774683,0.0,0.0,0.0,1.0,0.0
MS001-CS_1,24,0.0,0.0,0.41770213,0.0,0.0,0.019631187,0.0,0.0,0.0,1.0,0.0
MS001-CS_2,0,0.0,0.0,0.020885107,0.0,0.0,0.000981559,0.0,0.0,0.0,0.0,1.0
MS001-CS_2,12,0.0,0.0,0.507776944,0.0,0.0,0.00138973,0.0,0.0,0.0,0.0,1.0
MS001-CS_2,24,0.0,0.0,0.427686665,0.0,0.0,0.002313319,0.0,0.0,0.0,0.0,1.0
MS001-DP_0,0,0.0,0.0,0.005,0.0,0.0,0.0,0.0,0.005,1.0,0.0,0.0
MS001-DP_0,12,0.0,0.0,0.560136231,0.0,0.0,0.0,0.0,0.064363767,1.0,0.0,0.0
MS001-DP_0,24,0.0,0.0,0.611783843,0.0,0.0,0.0,0.0,0.2070495,1.0,0.0,0.0
MS001-DP_1,0,0.0,0.0,0.030589192,0.0,0.0,0.0,0.0,0.010352475,0.0,1.0,0.0
MS001-DP_1,12,0.0,0.0,0.066620382,0.0,0.0,0.0,0.0,0.133046281,0.0,1.0,0.0
MS001-DP_1,24,0.0,0.0,0.246922118,0.0,0.0,0.0,0.0,0.194244547,0.0,1.0,0.0
MS001-DP_2,0,0.0,0.0,0.012346106,0.0,0.0,0.0,0.0,0.009712227,0.0,0.0,1.0
MS001-DP_2,12,0.0,0.0,0.484319853,0.0,0.0,0.0,0.0,0.135346804,0.0,0.0,1.0
MS001-DP_2,24,0.0,0.0,0.995312582,0.0,0.0,0.0,0.0,0.461854096,0.0,0.0,1.0
MonocultureBT_0,0,0.008733332,0.0,0.0,0.0,0.0,0.0,0.0,0.0,1.0,0.0,0.0
MonocultureBT_0,3,0.0602,0.0,0.0,0.0,0.0,0.0,0.0,0.0,1.0,0.0,0.0
MonocultureBT_0,6,0.505466679,0.0,0.0,0.0,0.0,0.0,0.0,0.0,1.0,0.0,0.0
MonocultureBT_0,9,1.093400021,0.0,0.0,0.0,0.0,0.0,0.0,0.0,1.0,0.0,0.0
MonocultureBT_0,12,1.098699986,0.0,0.0,0.0,0.0,0.0,0.0,0.0,1.0,0.0,0.0
MonocultureBT_0,15,1.044866661,0.0,0.0,0.0,0.0,0.0,0.0,0.0,1.0,0.0,0.0
MonocultureBT_0,18,1.004799981,0.0,0.0,0.0,0.0,0.0,0.0,0.0,1.0,0.0,0.0
MonocultureBT_0,21,0.997233331,0.0,0.0,0.0,0.0,0.0,0.0,0.0,1.0,0.0,0.0
MonocultureBT_0,24,1.018433352,0.0,0.0,0.0,0.0,0.0,0.0,0.0,1.0,0.0,0.0
MonocultureBT_0,27,1.057366669,0.0,0.0,0.0,0.0,0.0,0.0,0.0,1.0,0.0,0.0
MonocultureBT_0,30,1.086000025,0.0,0.0,0.0,0.0,0.0,0.0,0.0,1.0,0.0,0.0
MonocultureBT_0,33,1.104066669,0.0,0.0,0.0,0.0,0.0,0.0,0.0,1.0,0.0,0.0
MonocultureBT_0,36,1.115100006,0.0,0.0,0.0,0.0,0.0,0.0,0.0,1.0,0.0,0.0
MonocultureBT_0,39,1.122833351,0.0,0.0,0.0,0.0,0.0,0.0,0.0,1.0,0.0,0.0
MonocultureBT_0,42,1.124500016,0.0,0.0,0.0,0.0,0.0,0.0,0.0,1.0,0.0,0.0
MonocultureBT_0,45,1.1280333,0.0,0.0,0.0,0.0,0.0,0.0,0.0,1.0,0.0,0.0
MonocultureBT_0,48,1.135133325,0.0,0.0,0.0,0.0,0.0,0.0,0.0,1.0,0.0,0.0
MonocultureBT_0,51,1.1347,0.0,0.0,0.0,0.0,0.0,0.0,0.0,1.0,0.0,0.0
MonocultureBT_0,54,1.142666677,0.0,0.0,0.0,0.0,0.0,0.0,0.0,1.0,0.0,0.0
MonocultureBT_0,57,1.148733357,0.0,0.0,0.0,0.0,0.0,0.0,0.0,1.0,0.0,0.0
MonocultureBT_0,60,1.154433349,0.0,0.0,0.0,0.0,0.0,0.0,0.0,1.0,0.0,0.0
MonocultureBT_0,63,1.163066645,0.0,0.0,0.0,0.0,0.0,0.0,0.0,1.0,0.0,0.0
MonocultureBT_0,66,1.172066668,0.0,0.0,0.0,0.0,0.0,0.0,0.0,1.0,0.0,0.0
MonocultureBU_0,0,0.0,0.0,0.0,0.0,0.008166665,0.0,0.0,0.0,1.0,0.0,0.0
MonocultureBU_0,3,0.0,0.0,0.0,0.0,0.039466669,0.0,0.0,0.0,1.0,0.0,0.0
MonocultureBU_0,6,0.0,0.0,0.0,0.0,0.203399995,0.0,0.0,0.0,1.0,0.0,0.0
MonocultureBU_0,9,0.0,0.0,0.0,0.0,0.607733329,0.0,0.0,0.0,1.0,0.0,0.0
MonocultureBU_0,12,0.0,0.0,0.0,0.0,0.912499964,0.0,0.0,0.0,1.0,0.0,0.0
MonocultureBU_0,15,0.0,0.0,0.0,0.0,0.904266695,0.0,0.0,0.0,1.0,0.0,0.0
MonocultureBU_0,18,0.0,0.0,0.0,0.0,0.83826667,0.0,0.0,0.0,1.0,0.0,0.0
MonocultureBU_0,21,0.0,0.0,0.0,0.0,0.777666667,0.0,0.0,0.0,1.0,0.0,0.0
MonocultureBU_0,24,0.0,0.0,0.0,0.0,0.736600001,0.0,0.0,0.0,1.0,0.0,0.0
MonocultureBU_0,27,0.0,0.0,0.0,0.0,0.732866664,0.0,0.0,0.0,1.0,0.0,0.0
MonocultureBU_0,30,0.0,0.0,0.0,0.0,0.760433335,0.0,0.0,0.0,1.0,0.0,0.0
MonocultureBU_0,33,0.0,0.0,0.0,0.0,0.778399983,0.0,0.0,0.0,1.0,0.0,0.0
MonocultureBU_0,36,0.0,0.0,0.0,0.0,0.797699987,0.0,0.0,0.0,1.0,0.0,0.0
MonocultureBU_0,39,0.0,0.0,0.0,0.0,0.805033326,0.0,0.0,0.0,1.0,0.0,0.0
MonocultureBU_0,42,0.0,0.0,0.0,0.0,0.801199992,0.0,0.0,0.0,1.0,0.0,0.0
MonocultureBU_0,45,0.0,0.0,0.0,0.0,0.797833343,0.0,0.0,0.0,1.0,0.0,0.0
MonocultureBU_0,48,0.0,0.0,0.0,0.0,0.785933335,0.0,0.0,0.0,1.0,0.0,0.0
MonocultureBU_0,51,0.0,0.0,0.0,0.0,0.779000004,0.0,0.0,0.0,1.0,0.0,0.0
MonocultureBU_0,54,0.0,0.0,0.0,0.0,0.763266682,0.0,0.0,0.0,1.0,0.0,0.0
MonocultureBU_0,57,0.0,0.0,0.0,0.0,0.759733319,0.0,0.0,0.0,1.0,0.0,0.0
MonocultureBU_0,60,0.0,0.0,0.0,0.0,0.746966659,0.0,0.0,0.0,1.0,0.0,0.0
MonocultureBU_0,63,0.0,0.0,0.0,0.0,0.731666664,0.0,0.0,0.0,1.0,0.0,0.0
MonocultureBU_0,66,0.0,0.0,0.0,0.0,0.719666659,0.0,0.0,0.0,1.0,0.0,0.0
MonocultureBV_0,0,0.0,0.001599997,0.0,0.0,0.0,0.0,0.0,0.0,1.0,0.0,0.0
MonocultureBV_0,3,0.0,0.031866664,0.0,0.0,0.0,0.0,0.0,0.0,1.0,0.0,0.0
MonocultureBV_0,6,0.0,0.399366646,0.0,0.0,0.0,0.0,0.0,0.0,1.0,0.0,0.0
MonocultureBV_0,9,0.0,0.899999995,0.0,0.0,0.0,0.0,0.0,0.0,1.0,0.0,0.0
MonocultureBV_0,12,0.0,0.994466642,0.0,0.0,0.0,0.0,0.0,0.0,1.0,0.0,0.0
MonocultureBV_0,15,0.0,1.066566685,0.0,0.0,0.0,0.0,0.0,0.0,1.0,0.0,0.0
MonocultureBV_0,18,0.0,1.029666681,0.0,0.0,0.0,0.0,0.0,0.0,1.0,0.0,0.0
MonocultureBV_0,21,0.0,0.994799991,0.0,0.0,0.0,0.0,0.0,0.0,1.0,0.0,0.0
MonocultureBV_0,24,0.0,0.971433341,0.0,0.0,0.0,0.0,0.0,0.0,1.0,0.0,0.0
MonocultureBV_0,27,0.0,0.962233324,0.0,0.0,0.0,0.0,0.0,0.0,1.0,0.0,0.0
MonocultureBV_0,30,0.0,0.962199985,0.0,0.0,0.0,0.0,0.0,0.0,1.0,0.0,0.0
MonocultureBV_0,33,0.0,0.960566659,0.0,0.0,0.0,0.0,0.0,0.0,1.0,0.0,0.0
MonocultureBV_0,36,0.0,0.964700003,0.0,0.0,0.0,0.0,0.0,0.0,1.0,0.0,0.0
MonocultureBV_0,39,0.0,0.959766646,0.0,0.0,0.0,0.0,0.0,0.0,1.0,0.0,0.0
MonocultureBV_0,42,0.0,0.925100008,0.0,0.0,0.0,0.0,0.0,0.0,1.0,0.0,0.0
MonocultureBV_0,45,0.0,0.898066659,0.0,0.0,0.0,0.0,0.0,0.0,1.0,0.0,0.0
MonocultureBV_0,48,0.0,0.906800011,0.0,0.0,0.0,0.0,0.0,0.0,1.0,0.0,0.0
MonocultureBV_0,51,0.0,0.903699993,0.0,0.0,0.0,0.0,0.0,0.0,1.0,0.0,0.0
MonocultureBV_0,54,0.0,0.865033328,0.0,0.0,0.0,0.0,0.0,0.0,1.0,0.0,0.0
MonocultureBV_0,57,0.0,0.831399996,0.0,0.0,0.0,0.0,0.0,0.0,1.0,0.0,0.0
MonocultureBV_0,60,0.0,0.81673334,0.0,0.0,0.0,0.0,0.0,0.0,1.0,0.0,0.0
MonocultureBV_0,63,0.0,0.762066662,0.0,0.0,0.0,0.0,0.0,0.0,1.0,0.0,0.0
MonocultureBV_0,66,0.0,0.708033343,0.0,0.0,0.0,0.0,0.0,0.0,1.0,0.0,0.0
MonocultureCA_0,0,0.0,0.0,0.0,0.0,0.0,0.0,0.010966668,0.0,1.0,0.0,0.0
MonocultureCA_0,3,0.0,0.0,0.0,0.0,0.0,0.0,0.010066668,0.0,1.0,0.0,0.0
MonocultureCA_0,6,0.0,0.0,0.0,0.0,0.0,0.0,0.011333336,0.0,1.0,0.0,0.0
MonocultureCA_0,9,0.0,0.0,0.0,0.0,0.0,0.0,0.01713333,0.0,1.0,0.0,0.0
MonocultureCA_0,12,0.0,0.0,0.0,0.0,0.0,0.0,0.02183333,0.0,1.0,0.0,0.0
MonocultureCA_0,15,0.0,0.0,0.0,0.0,0.0,0.0,0.022233327,0.0,1.0,0.0,0.0
MonocultureCA_0,18,0.0,0.0,0.0,0.0,0.0,0.0,0.022966662,0.0,1.0,0.0,0.0
MonocultureCA_0,21,0.0,0.0,0.0,0.0,0.0,0.0,0.02363333,0.0,1.0,0.0,0.0
MonocultureCA_0,24,0.0,0.0,0.0,0.0,0.0,0.0,0.022799998,0.0,1.0,0.0,0.0
MonocultureCA_0,27,0.0,0.0,0.0,0.0,0.0,0.0,0.023366664,0.0,1.0,0.0,0.0
MonocultureCA_0,30,0.0,0.0,0.0,0.0,0.0,0.0,0.022366667,0.0,1.0,0.0,0.0
MonocultureCA_0,33,0.0,0.0,0.0,0.0,0.0,0.0,0.023099998,0.0,1.0,0.0,0.0
MonocultureCA_0,36,0.0,0.0,0.0,0.0,0.0,0.0,0.022533332,0.0,1.0,0.0,0.0
MonocultureCA_0,39,0.0,0.0,0.0,0.0,0.0,0.0,0.023666664,0.0,1.0,0.0,0.0
MonocultureCA_0,42,0.0,0.0,0.0,0.0,0.0,0.0,0.024599999,0.0,1.0,0.0,0.0
MonocultureCA_0,45,0.0,0.0,0.0,0.0,0.0,0.0,0.025666663,0.0,1.0,0.0,0.0
MonocultureCA_0,48,0.0,0.0,0.0,0.0,0.0,0.0,0.027266666,0.0,1.0,0.0,0.0
MonocultureCA_0,51,0.0,0.0,0.0,0.0,0.0,0.0,0.029266665,0.0,1.0,0.0,0.0
MonocultureCA_0,54,0.0,0.0,0.0,0.0,0.0,0.0,0.032333329,0.0,1.0,0.0,0.0
MonocultureCA_0,57,0.0,0.0,0.0,0.0,0.0,0.0,0.03576667,0.0,1.0,0.0,0.0
MonocultureCA_0,60,0.0,0.0,0.0,0.0,0.0,0.0,0.038833334,0.0,1.0,0.0,0.0
MonocultureCA_0,63,0.0,0.0,0.0,0.0,0.0,0.0,0.041333332,0.0,1.0,0.0,0.0
MonocultureCA_0,66,0.0,0.0,0.0,0.0,0.0,0.0,0.044133335,0.0,1.0,0.0,0.0
MonocultureCH_0,0,0.0,0.0,0.0,0.009500001,0.0,0.0,0.0,0.0,1.0,0.0,0.0
MonocultureCH_0,3,0.0,0.0,0.0,0.026033336,0.0,0.0,0.0,0.0,1.0,0.0,0.0
MonocultureCH_0,6,0.0,0.0,0.0,0.066966667,0.0,0.0,0.0,0.0,1.0,0.0,0.0
MonocultureCH_0,9,0.0,0.0,0.0,0.268899987,0.0,0.0,0.0,0.0,1.0,0.0,0.0
MonocultureCH_0,12,0.0,0.0,0.0,0.259633332,0.0,0.0,0.0,0.0,1.0,0.0,0.0
MonocultureCH_0,15,0.0,0.0,0.0,0.309299995,0.0,0.0,0.0,0.0,1.0,0.0,0.0
MonocultureCH_0,18,0.0,0.0,0.0,0.321766664,0.0,0.0,0.0,0.0,1.0,0.0,0.0
MonocultureCH_0,21,0.0,0.0,0.0,0.353233347,0.0,0.0,0.0,0.0,1.0,0.0,0.0
MonocultureCH_0,24,0.0,0.0,0.0,0.341866671,0.0,0.0,0.0,0.0,1.0,0.0,0.0
MonocultureCH_0,27,0.0,0.0,0.0,0.323499997,0.0,0.0,0.0,0.0,1.0,0.0,0.0
MonocultureCH_0,30,0.0,0.0,0.0,0.287666668,0.0,0.0,0.0,0.0,1.0,0.0,0.0
MonocultureCH_0,33,0.0,0.0,0.0,0.293800006,0.0,0.0,0.0,0.0,1.0,0.0,0.0
MonocultureCH_0,36,0.0,0.0,0.0,0.355099995,0.0,0.0,0.0,0.0,1.0,0.0,0.0
MonocultureCH_0,39,0.0,0.0,0.0,0.362699995,0.0,0.0,0.0,0.0,1.0,0.0,0.0
MonocultureCH_0,42,0.0,0.0,0.0,0.389733334,0.0,0.0,0.0,0.0,1.0,0.0,0.0
MonocultureCH_0,45,0.0,0.0,0.0,0.378666678,0.0,0.0,0.0,0.0,1.0,0.0,0.0
MonocultureCH_0,48,0.0,0.0,0.0,0.300666659,0.0,0.0,0.0,0.0,1.0,0.0,0.0
MonocultureCH_0,51,0.0,0.0,0.0,0.254766672,0.0,0.0,0.0,0.0,1.0,0.0,0.0
MonocultureCH_0,54,0.0,0.0,0.0,0.233033329,0.0,0.0,0.0,0.0,1.0,0.0,0.0
MonocultureCH_0,57,0.0,0.0,0.0,0.220399995,0.0,0.0,0.0,0.0,1.0,0.0,0.0
MonocultureCH_0,60,0.0,0.0,0.0,0.204199999,0.0,0.0,0.0,0.0,1.0,0.0,0.0
MonocultureCH_0,63,0.0,0.0,0.0,0.178966671,0.0,0.0,0.0,0.0,1.0,0.0,0.0
MonocultureCH_0,66,0.0,0.0,0.0,0.134633332,0.0,0.0,0.0,0.0,1.0,0.0,0.0
MonocultureCS_0,0,0.0,0.0,0.0,0.0,0.0,0.007766663,0.0,0.0,1.0,0.0,0.0
MonocultureCS_0,3,0.0,0.0,0.0,0.0,0.0,0.0159,0.0,0.0,1.0,0.0,0.0
MonocultureCS_0,6,0.0,0.0,0.0,0.0,0.0,0.050433337,0.0,0.0,1.0,0.0,0.0
MonocultureCS_0,9,0.0,0.0,0.0,0.0,0.0,0.271666665,0.0,0.0,1.0,0.0,0.0
MonocultureCS_0,12,0.0,0.0,0.0,0.0,0.0,0.400433341,0.0,0.0,1.0,0.0,0.0
MonocultureCS_0,15,0.0,0.0,0.0,0.0,0.0,0.448433339,0.0,0.0,1.0,0.0,0.0
MonocultureCS_0,18,0.0,0.0,0.0,0.0,0.0,0.593699991,0.0,0.0,1.0,0.0,0.0
MonocultureCS_0,21,0.0,0.0,0.0,0.0,0.0,0.673966665,0.0,0.0,1.0,0.0,0.0
MonocultureCS_0,24,0.0,0.0,0.0,0.0,0.0,0.669933338,0.0,0.0,1.0,0.0,0.0
MonocultureCS_0,27,0.0,0.0,0.0,0.0,0.0,0.706966678,0.0,0.0,1.0,0.0,0.0
MonocultureCS_0,30,0.0,0.0,0.0,0.0,0.0,0.742333332,0.0,0.0,1.0,0.0,0.0
MonocultureCS_0,33,0.0,0.0,0.0,0.0,0.0,0.779066661,0.0,0.0,1.0,0.0,0.0
MonocultureCS_0,36,0.0,0.0,0.0,0.0,0.0,0.773899992,0.0,0.0,1.0,0.0,0.0
MonocultureCS_0,39,0.0,0.0,0.0,0.0,0.0,0.764933327,0.0,0.0,1.0,0.0,0.0
MonocultureCS_0,42,0.0,0.0,0.0,0.0,0.0,0.735766668,0.0,0.0,1.0,0.0,0.0
MonocultureCS_0,45,0.0,0.0,0.0,0.0,0.0,0.725833336,0.0,0.0,1.0,0.0,0.0
MonocultureCS_0,48,0.0,0.0,0.0,0.0,0.0,0.724666654,0.0,0.0,1.0,0.0,0.0
MonocultureCS_0,51,0.0,0.0,0.0,0.0,0.0,0.740400016,0.0,0.0,1.0,0.0,0.0
MonocultureCS_0,54,0.0,0.0,0.0,0.0,0.0,0.744599997,0.0,0.0,1.0,0.0,0.0
MonocultureCS_0,57,0.0,0.0,0.0,0.0,0.0,0.766700009,0.0,0.0,1.0,0.0,0.0
MonocultureCS_0,60,0.0,0.0,0.0,0.0,0.0,0.780200004,0.0,0.0,1.0,0.0,0.0
MonocultureCS_0,63,0.0,0.0,0.0,0.0,0.0,0.775533338,0.0,0.0,1.0,0.0,0.0
MonocultureCS_0,66,0.0,0.0,0.0,0.0,0.0,0.766266663,0.0,0.0,1.0,0.0,0.0
MonocultureDP_0,0,0.0,0.0,0.0,0.0,0.0,0.0,0.0,0.006600002,1.0,0.0,0.0
MonocultureDP_0,3,0.0,0.0,0.0,0.0,0.0,0.0,0.0,0.019833336,1.0,0.0,0.0
MonocultureDP_0,6,0.0,0.0,0.0,0.0,0.0,0.0,0.0,0.0385,1.0,0.0,0.0
MonocultureDP_0,9,0.0,0.0,0.0,0.0,0.0,0.0,0.0,0.076800003,1.0,0.0,0.0
MonocultureDP_0,12,0.0,0.0,0.0,0.0,0.0,0.0,0.0,0.120400006,1.0,0.0,0.0
MonocultureDP_0,15,0.0,0.0,0.0,0.0,0.0,0.0,0.0,0.126866668,1.0,0.0,0.0
MonocultureDP_0,18,0.0,0.0,0.0,0.0,0.0,0.0,0.0,0.138366679,1.0,0.0,0.0
MonocultureDP_0,21,0.0,0.0,0.0,0.0,0.0,0.0,0.0,0.156266659,1.0,0.0,0.0
MonocultureDP_0,24,0.0,0.0,0.0,0.0,0.0,0.0,0.0,0.172033329,1.0,0.0,0.0
MonocultureDP_0,27,0.0,0.0,0.0,0.0,0.0,0.0,0.0,0.187333325,1.0,0.0,0.0
MonocultureDP_0,30,0.0,0.0,0.0,0.0,0.0,0.0,0.0,0.192666669,1.0,0.0,0.0
MonocultureDP_0,33,0.0,0.0,0.0,0.0,0.0,0.0,0.0,0.199433336,1.0,0.0,0.0
MonocultureDP_0,36,0.0,0.0,0.0,0.0,0.0,0.0,0.0,0.204666664,1.0,0.0,0.0
MonocultureDP_0,39,0.0,0.0,0.0,0.0,0.0,0.0,0.0,0.20873333,1.0,0.0,0.0
MonocultureDP_0,42,0.0,0.0,0.0,0.0,0.0,0.0,0.0,0.207299997,1.0,0.0,0.0
MonocultureDP_0,45,0.0,0.0,0.0,0.0,0.0,0.0,0.0,0.201866666,1.0,0.0,0.0
MonocultureDP_0,48,0.0,0.0,0.0,0.0,0.0,0.0,0.0,0.197633335,1.0,0.0,0.0
MonocultureDP_0,51,0.0,0.0,0.0,0.0,0.0,0.0,0.0,0.202800005,1.0,0.0,0.0
MonocultureDP_0,54,0.0,0.0,0.0,0.0,0.0,0.0,0.0,0.210799991,1.0,0.0,0.0
MonocultureDP_0,57,0.0,0.0,0.0,0.0,0.0,0.0,0.0,0.224133332,1.0,0.0,0.0
MonocultureDP_0,60,0.0,0.0,0.0,0.0,0.0,0.0,0.0,0.230899999,1.0,0.0,0.0
MonocultureDP_0,63,0.0,0.0,0.0,0.0,0.0,0.0,0.0,0.2418,1.0,0.0,0.0
MonocultureDP_0,66,0.0,0.0,0.0,0.0,0.0,0.0,0.0,0.250966668,1.0,0.0,0.0
MonocultureMS001_0,0,0.0,0.0,0.007633333,0.0,0.0,0.0,0.0,0.0,1.0,0.0,0.0
MonocultureMS001_0,3,0.0,0.0,0.029333338,0.0,0.0,0.0,0.0,0.0,1.0,0.0,0.0
MonocultureMS001_0,6,0.0,0.0,0.320466667,0.0,0.0,0.0,0.0,0.0,1.0,0.0,0.0
MonocultureMS001_0,9,0.0,0.0,0.509366651,0.0,0.0,0.0,0.0,0.0,1.0,0.0,0.0
MonocultureMS001_0,12,0.0,0.0,0.509666661,0.0,0.0,0.0,0.0,0.0,1.0,0.0,0.0
MonocultureMS001_0,15,0.0,0.0,0.509833315,0.0,0.0,0.0,0.0,0.0,1.0,0.0,0.0
MonocultureMS001_0,18,0.0,0.0,0.499900003,0.0,0.0,0.0,0.0,0.0,1.0,0.0,0.0
MonocultureMS001_0,21,0.0,0.0,0.483266651,0.0,0.0,0.0,0.0,0.0,1.0,0.0,0.0
MonocultureMS001_0,24,0.0,0.0,0.471833328,0.0,0.0,0.0,0.0,0.0,1.0,0.0,0.0
MonocultureMS001_0,27,0.0,0.0,0.46176666,0.0,0.0,0.0,0.0,0.0,1.0,0.0,0.0
MonocultureMS001_0,30,0.0,0.0,0.44173334,0.0,0.0,0.0,0.0,0.0,1.0,0.0,0.0
MonocultureMS001_0,33,0.0,0.0,0.418233334,0.0,0.0,0.0,0.0,0.0,1.0,0.0,0.0
MonocultureMS001_0,36,0.0,0.0,0.38619997,0.0,0.0,0.0,0.0,0.0,1.0,0.0,0.0
MonocultureMS001_0,39,0.0,0.0,0.356499999,0.0,0.0,0.0,0.0,0.0,1.0,0.0,0.0
MonocultureMS001_0,42,0.0,0.0,0.324833333,0.0,0.0,0.0,0.0,0.0,1.0,0.0,0.0
MonocultureMS001_0,45,0.0,0.0,0.295666664,0.0,0.0,0.0,0.0,0.0,1.0,0.0,0.0
MonocultureMS001_0,48,0.0,0.0,0.265166669,0.0,0.0,0.0,0.0,0.0,1.0,0.0,0.0
MonocultureMS001_0,51,0.0,0.0,0.234533329,0.0,0.0,0.0,0.0,0.0,1.0,0.0,0.0
MonocultureMS001_0,54,0.0,0.0,0.207000007,0.0,0.0,0.0,0.0,0.0,1.0,0.0,0.0
MonocultureMS001_0,57,0.0,0.0,0.190766672,0.0,0.0,0.0,0.0,0.0,1.0,0.0,0.0
MonocultureMS001_0,60,0.0,0.0,0.177799999,0.0,0.0,0.0,0.0,0.0,1.0,0.0,0.0
MonocultureMS001_0,63,0.0,0.0,0.168933331,0.0,0.0,0.0,0.0,0.0,1.0,0.0,0.0
MonocultureMS001_0,66,0.0,0.0,0.1626,0.0,0.0,0.0,0.0,0.0,1.0,0.0,0.0
